Workbook

Sheet 01_실습안내
A1: AI와 함께하는 스마트 엑셀 - 학생 실습
A2: 상황 | B2: 3개 지점의 3개월 카페 매출 데이터를 AI로 진단·정제·분석합니다.
A3: 미션1 | B3: AI에게 데이터 품질 문제를 진단받으세요.
A4: 미션2 | B4: XLOOKUP, IFERROR, SUMIFS 등 필요한 수식을 AI에게 요청하고 검증하세요.
A5: 미션3 | B5: 불필요한 행·중복·형식 문제를 정리해 「05_정제데이터」 시트를 완성하세요. (Power Query는 강사 시연으로만 소개)
A6: 미션4 | B6: 피벗테이블로 지점·월·상품분류별 매출을 분석하세요.
A7: 미션5 | B7: 차트와 AI 보고서를 작성하세요: 현황 → 인사이트 → 추가 확인사항.
A8: AI 규칙 | B8: 데이터에 없는 원인이나 사실은 추측하지 말고 계산 결과는 Excel에서 검증하세요.

Sheet 02_매출원본
A1: 주문일자 | B1: 지점코드 | C1: 지점명 | D1: 상품코드 | E1: 상품명 | F1: 수량 | G1: 판매단가 | H1: 매출액 | I1: 결제수단 | J1: 담당자 | K1: 주문상태 | L1: 비고
A2: 46091 | B2: S001 | C2: 신구점 | D2: P005 | E2: 녹차라떼 | F2: 3 | G2: 4500 | H2: 13500 | I2: 카드 | J2: 한지우 | K2: 판매
A3: 46129 | B3: S002 | C3: 성남점 | D3: P002 | E3: 카페라떼 | F3: 1 | G3: 4000 | H3: 4000 | I3: 간편결제 | J3: 한지우 | K3: 판매
A4: 46088 | B4: S002 | C4: 성남점 | D4: P007 | E4: 치즈케이크 | F4: 2 | G4: 5000 | H4: 10000 | I4: 카드 | J4: 정다은 | K4: 판매
A5: 46139 | B5: S002 | C5: 성남점 | D5: P001 | E5: 아메리카노 | F5: 3 | G5: 3000 | H5: 9000 | I5: 간편결제 | J5: 박서연 | K5: 판매
A6: 46112 | B6: S001 | C6: 신구점 | D6: P003 | E6: 바닐라라떼 | F6: 4 | G6: 4500 | H6: 18000 | I6: 간편결제 | J6: 박서연 | K6: 판매
A7: 46085 | B7: S003 | C7: 용인점 | D7: P001 | E7: 아메리카노 | F7: 1 | G7: 3000 | H7: 3000 | I7: 현금 | J7: 한지우 | K7: 판매
A8: 46104 | B8: S002 | C8: 성남점 | D8: P001 | E8: 아메리카노 | G8: 3000 | H8: 3000 | I8: 카드 | J8: 이서준 | K8: 판매
A9: 46106 | B9: S001 | C9: 신구점 | D9: P003 | E9: 바닐라라떼 | F9: 1 | G9: 4500 | H9: 4500 | I9: 카드 | J9: 최지훈 | K9: 판매
A10: 46111 | B10: S001 | C10: 신구점 | D10: P008 | E10: 크루아상 | F10: 2 | G10: 3500 | H10: 7000 | I10: 카드 | J10: 한지우 | K10: 판매
A11: 46126 | B11: S003 | C11: 용인점 | D11: P001 | E11: 아메리카노 | F11: 2 | G11: 3000 | H11: 6000 | I11: 간편결제 | J11: 이서준 | K11: 판매
A12: 46109 | B12: S002 | C12: 성남 점 | D12: P003 | E12: 바닐라라떼 | F12: 2 | G12: 4500 | H12: 9000 | I12: 카드 | J12: 김민지 | K12: 판매
A13: 46136 | B13: S002 | C13: 성남점 | D13: P003 | E13: 바닐라라떼 | F13: 5 | G13: 4500 | H13: 22500 | I13: 현금 | J13: 박서연 | K13: 판매
A14: 46150 | B14: S002 | C14: 성남점 | D14: P009 | E14: 샌드위치 | F14: 4 | G14: 5500 | H14: 22000 | I14: 현금 | J14: 박서연 | K14: 판매
A15: 46103 | B15: S001 | C15: 신구점 | D15: P001 | E15: 아메리카노 | F15: 1 | G15: 3000 | H15: 3000 | I15: 간편결제 | J15: 김민지 | K15: 판매
A16: 46144 | B16: S001 | C16: 신구점 | D16: P002 | E16: 카페 라떼 | F16: 2 | G16: 4000 | H16: 8000 | I16: 간편결제 | J16: 김민지 | K16: 판매
A17: 46125 | B17: S001 | C17: 신구점 | D17: P004 | E17: 카라멜마끼아또 | F17: 2 | G17: 4800 | H17: 9600 | I17: 현금 | J17: 정다은 | K17: 취소
A18: 46131 | B18: S001 | C18: 신구점 | D18: P001 | E18: 아메리카노 | F18: 3 | G18: 3000 | H18: 9000 | I18: 현금 | J18: 박서연 | K18: 판매
A19: 46165 | B19: S001 | C19: 신구점 | D19: P010 | E19: 베이글 | F19: 2 | G19: 4000 | H19: 8000 | I19: 카드 | J19: 박서연 | K19: 판매
A20: 46160 | B20: S002 | C20: 성남점 | D20: P001 | E20: 아메리카노 | F20: 1 | G20: 3000 | H20: 3000 | I20: 간편결제 | J20: 최지훈 | K20: 판매
A21: 46126 | B21: S001 | C21: 신구점 | D21: P004 | E21: 카라멜마끼아또 | F21: 4 | G21: 4800 | H21: 19200 | I21: 현금 | K21: 판매
A22: 46138 | B22: S003 | C22: 용인점 | D22: P008 | E22: 크루아상 | F22: 2 | G22: 3500 | H22: 7000 | I22: 카드 | J22: 최지훈 | K22: 판매
A23: 46141 | B23: S003 | C23: 용인점 | D23: P005 | E23: 녹차라떼 | F23: 1 | G23: 4500 | H23: 4500 | I23: 간편결제 | J23: 최지훈 | K23: 판매
A24: 2026/04/21 | B24: S003 | C24: 용인점 | D24: P001 | E24: 아메리카노 | F24: 1 | G24: 3000 | H24: 3000 | I24: 카드 | J24: 김민지 | K24: 판매
A25: 46130 | B25: S001 | C25: 신구점 | D25: P002 | E25: 카페라떼 | F25: 2 | G25: 4000 | H25: 8000 | I25: 카드 | J25: 한지우 | K25: 판매
A26: 46141 | B26: S001 | C26: 신구점 | D26: P001 | E26: 아메리카노 | F26: 2 | G26: 3000 | H26: 6000 | I26: 간편결제 | J26: 박서연 | K26: 판매
A27: 46149 | B27: S001 | C27: 신구점 | D27: P007 | E27: 치즈케이크 | F27: 2 | G27: 5000 | H27: 10000 | I27: 간편결제 | J27: 김민지 | K27: 취소
A28: 46163 | B28: S002 | C28: 성남지점 | D28: P008 | E28: 크루아상 | F28: 2 | G28: 3500 | H28: 7000 | I28: 간편결제 | J28: 정다은 | K28: 취소
A29: 46095 | B29: S003 | C29: 용인점 | D29: P007 | E29: 치즈케이크 | F29: 4 | G29: 5000 | H29: 20000 | I29: 현금 | J29: 정다은 | K29: 판매
A30: 46115 | B30: S002 | C30: 성남점 | D30: P004 | E30: 카라멜마끼아또 | F30: 3 | G30: 4800 | H30: 14400 | I30: 간편결제 | J30: 김민지 | K30: 판매
A31: 46161 | B31: S001 | C31: 신구점 | D31: P001 | E31: 아메리카노 | F31: 2 | G31: 3000 | H31: 6000 | I31: 카드 | J31: 박서연 | K31: 판매
A32: 46119 | B32: S002 | C32: 성남점 | D32: P006 | E32: 초코라떼 | F32: 1 | G32: 4500 | H32: 4500 | I32: 현금 | J32: 이서준 | K32: 판매
A33: 46088 | B33: S002 | C33: 성남점 | D33: P005 | E33: 녹차라떼 | F33: 1 | G33: 4500 | H33: 4500 | I33: 간편결제 | J33: 정다은 | K33: 판매
A34: 46109 | B34: S003 | C34: 용인점 | D34: P007 | E34: 치즈케이크 | F34: 4 | G34: 5000 | H34: 20000 | I34: 카드 | J34: 정다은 | K34: 판매
A35: 46133 | B35: S002 | C35: 성남점 | D35: P001 | E35: 아메리카노 | F35: 2 | G35: 3000 | H35: 6000 | I35: 간편결제 | J35: 김민지 | K35: 판매
A36: 46090 | B36: S003 | C36: 용인점 | D36: P004 | E36: 카라멜마끼아또 | F36: 2 | G36: 4800 | H36: 9600 | I36: 간편결제 | J36: 김민지 | K36: 판매
A37: 46149 | B37: S002 | C37: 성남점 | D37: P008 | E37: 크루아상 | F37: 1 | G37: 3500 | H37: 3500 | J37: 최지훈 | K37: 판매
A38: 46168 | B38: S002 | C38: 성남점 | D38: P010 | E38: 베이글 | F38: 1 | G38: 4000 | H38: 4000 | I38: 현금 | J38: 박서연 | K38: 판매
A39: 46153 | B39: S001 | C39: 신구점 | D39: P010 | E39: 베이글 | F39: 1 | G39: 4000 | H39: 4000 | I39: 카드 | J39: 한지우 | K39: 판매
A40: 46108 | B40: S001 | C40: 신구점 | D40: P010 | E40: 베이글 | F40: 2 | G40: 4000 | H40: 8000 | I40: 현금 | J40: 박서연 | K40: 취소
A41: 46090 | B41: S001 | C41: 신구점 | D41: P008 | E41: 크루아상 | F41: 3 | G41: 3500 | H41: 10500 | I41: 간편결제 | J41: 최지훈 | K41: 판매
A42: 46163 | B42: S001 | C42: 신구점 | D42: P002 | E42: 카페라떼 | F42: 1 | G42: 4000 | H42: 4000 | I42: 간편결제 | J42: 이서준 | K42: 판매
A43: 46144 | B43: S003 | C43: 용인 점 | D43: P005 | E43: 녹차라떼 | F43: 1 | G43: 4500 | H43: 4500 | I43: 간편결제 | J43: 이서준 | K43: 판매
A44: 46111 | B44: S001 | C44: 신구점 | D44: P006 | E44: 초코라떼 | F44: 4 | G44: 4500 | H44: 18000 | I44: 간편결제 | J44: 최지훈 | K44: 판매
A45: 46111 | B45: S001 | C45: 신구점 | D45: P006 | E45: 초코라떼 | F45: 4 | G45: 4500 | H45: 18000 | I45: 간편결제 | J45: 최지훈 | K45: 판매
A46: 46134 | B46: S003 | C46: 용인점 | D46: P005 | E46: 녹차라떼 | F46: 2 | G46: 4500 | H46: 9000 | I46: 현금 | J46: 정다은 | K46: 판매
A47: 46124 | B47: S001 | C47: 신구점 | D47: P001 | E47: 아메리카노 | F47: 4 | G47: 3000 | H47: 12000 | I47: 간편결제 | J47: 정다은 | K47: 판매
A48: 2026.05.08 | B48: S002 | C48: 성남점 | D48: P005 | E48: 녹차라떼 | F48: 3 | G48: 4500 | H48: 13500 | I48: 간편결제 | J48: 이서준 | K48: 판매
A49: 46120 | B49: S002 | C49: 성남점 | D49: P008 | E49: 크루아상 | F49: 1 | G49: 3500 | H49: 3500 | I49: 간편결제 | J49: 최지훈 | K49: 판매
A50: 46164 | B50: S002 | C50: 성남점 | D50: P002 | E50: 카페라떼 | F50: 1 | G50: 4000 | H50: 4000 | I50: 간편결제 | J50: 이서준 | K50: 취소
A51: 46122 | B51: S002 | C51: 성남점 | D51: P010 | E51: 베이글 | F51: 3 | G51: 4000 | H51: 12000 | I51: 간편결제 | J51: 김민지 | K51: 판매
A52: 46123 | B52: S002 | C52: 성남점 | D52: P002 | E52: 카페라떼 | F52: 1 | G52: 4000 | H52: 3000 | I52: 카드 | J52: 이서준 | K52: 판매
A53: 46121 | B53: S003 | C53: 용인점 | D53: P003 | E53: 바닐라라떼 | F53: 4 | G53: 4500 | H53: 18000 | I53: 간편결제 | J53: 이서준 | K53: 판매
A54: 46168 | B54: S002 | C54: 성남점 | D54: P007 | F54: 1 | G54: 5000 | H54: 5000 | I54: 카드 | J54: 김민지 | K54: 판매
A55: 46168 | B55: S002 | C55: 성남점 | D55: P005 | E55: 녹차라떼 | F55: 1 | G55: 4500 | H55: 4500 | I55: 카드 | J55: 최지훈 | K55: 판매
A56: 46162 | B56: S001 | C56: 신구점 | D56: P003 | E56: 바닐라라떼 | F56: 3 | G56: 4500 | H56: 13500 | I56: 간편결제 | J56: 김민지 | K56: 판매
A57: 46125 | B57: S001 | C57: 신구점 | D57: P002 | E57: 카페라떼 | F57: 4 | G57: 4000 | H57: 16000 | I57: 간편결제 | J57: 최지훈 | K57: 판매
A58: 46169 | B58: S003 | C58: 용인점 | D58: P001 | E58: 아메리카노 | F58: 2 | G58: 3000 | H58: 6000 | I58: 현금 | J58: 정다은 | K58: 판매
A59: 46148 | B59: S002 | C59: 성남지점 | D59: P009 | E59: 샌드위치 | F59: 1 | G59: 5500 | H59: 5500 | I59: 간편결제 | J59: 박서연 | K59: 판매
A60: 46148 | B60: S002 | C60: 성남점 | D60: P003 | E60: 바닐라라떼 | F60: 1 | G60: 4500 | H60: 4500 | I60: 카드 | J60: 한지우 | K60: 판매
A61: 46109 | B61: S001 | C61: 신구점 | D61: P002 | E61: 카페라떼 | F61: 2 | G61: 4000 | H61: 8000 | I61: 간편결제 | J61: 박서연 | K61: 판매
A62: 46111 | B62: S003 | C62: 용인점 | D62: P006 | E62: 초코라떼 | F62: 3 | G62: 4500 | H62: 13500 | I62: 간편결제 | J62: 정다은 | K62: 판매
A63: 46171 | B63: S001 | C63: 신구점 | D63: P004 | E63: 카라멜 마끼아또 | F63: 2 | G63: 4800 | H63: 9600 | I63: 현금 | J63: 한지우 | K63: 판매
A64: 46168 | B64: S003 | C64: 용인점 | D64: P006 | E64: 초코라떼 | F64: 4 | G64: 4500 | H64: 18000 | I64: 카드 | J64: 이서준 | K64: 판매
A65: 46117 | B65: S003 | C65: 용인점 | D65: P008 | E65: 크루아상 | F65: 3 | G65: 3500 | H65: 10500 | I65: 간편결제 | J65: 박서연 | K65: 판매
A66: 46145 | B66: S003 | C66: 용인점 | D66: P002 | E66: 카페라떼 | F66: 5 | G66: 4000 | H66: 20000 | I66: 카드 | J66: 이서준 | K66: 판매
A67: 46103 | B67: S001 | C67: 신구점 | D67: P010 | E67: 베이글 | F67: 3 | G67: 4000 | H67: 12000 | I67: 현금 | J67: 최지훈 | K67: 판매
A68: 46154 | B68: S002 | C68: 성남점 | D68: P001 | E68: 아메리카노 | F68: 1 | G68: 3000 | H68: 3000 | I68: 현금 | J68: 이서준 | K68: 판매
A69: 2026-05-21 | B69: S001 | C69: 신구점 | D69: P008 | E69: 크루아상 | F69: 1 | G69: 3500 | H69: 3500 | I69: 카드 | J69: 최지훈 | K69: 판매
A70: 46135 | B70: S002 | C70: 성남점 | D70: P001 | E70: 아메리카노 | F70: 1 | G70: 3000 | H70: 3000 | I70: 간편결제 | J70: 정다은 | K70: 취소
A71: 46166 | B71: S003 | D71: P007 | E71: 치즈케이크 | F71: 1 | G71: 5000 | H71: 5000 | I71: 카드 | J71: 김민지 | K71: 판매
A72: 46146 | B72: S001 | C72: 신구점 | D72: P002 | E72: 카페라떼 | F72: 3 | G72: 4000 | H72: 12000 | I72: 카드 | J72: 이서준 | K72: 판매
A73: 46124 | B73: S002 | C73: 성남점 | D73: P009 | E73: 샌드위치 | F73: 1 | G73: 5500 | H73: 5500 | I73: 현금 | J73: 최지훈 | K73: 판매
A74: 2026-3 | C74: 3월 소계 | L74: 분석 제외
A75: 46118 | B75: S001 | C75: 신구점 | D75: P007 | E75: 치즈케이크 | F75: 3 | G75: 5000 | H75: 15000 | I75: 카드 | J75: 김민지 | K75: 취소
A76: 46089 | B76: S001 | C76: 신구 점 | D76: P001 | E76: 아메리카노 | F76: 1 | G76: 3000 | H76: 3000 | I76: 카드 | J76: 최지훈 | K76: 판매
A77: 46165 | B77: S003 | C77: 용인점 | D77: P005 | E77: 녹차라떼 | F77: 2 | G77: 4500 | H77: 9000 | I77: 간편결제 | J77: 한지우 | K77: 판매
A78: 46102 | B78: S002 | C78: 성남점 | D78: P005 | E78: 녹차라떼 | F78: 3 | G78: 4500 | H78: 13500 | I78: 간편결제 | J78: 박서연 | K78: 판매
A79: 46086 | B79: S002 | C79: 성남점 | D79: P002 | E79: 카페라떼 | F79: 2 | G79: 4000 | H79: 8000 | I79: 카드 | J79: 한지우 | K79: 판매
A80: 46095 | B80: S002 | C80: 성남점 | D80: P002 | E80: 카페라떼 | F80: 1 | G80: 4000 | H80: 4000 | I80: 간편결제 | J80: 정다은 | K80: 판매
A81: 46135 | B81: S001 | C81: 신구점 | D81: P003 | E81: 바닐라라떼 | F81: 1 | G81: 4500 | H81: 4500 | I81: 간편결제 | J81: 정다은 | K81: 취소
A82: 46162 | B82: S003 | C82: 용인점 | D82: P002 | E82: 카페라떼 | F82: 2 | G82: 4000 | H82: 8000 | I82: 현금 | J82: 박서연 | K82: 판매
A83: 46112 | B83: S003 | C83: 용인점 | D83: P010 | E83: 베이글 | F83: 2 | G83: 4000 | H83: 8000 | I83: 간편결제 | J83: 정다은 | K83: 판매
A84: 46125 | B84: S002 | C84: 성남점 | D84: P009 | E84: 샌드위치 | F84: 2 | G84: 5500 | H84: 11000 | I84: 현금 | J84: 김민지 | K84: 판매
A85: 46096 | B85: S003 | C85: 용인점 | D85: P005 | E85: 녹차라떼 | F85: 2 | G85: 4500 | H85: 9000 | I85: 현금 | J85: 최지훈 | K85: 판매
A86: 46127 | B86: S002 | C86: 성남점 | D86: P003 | E86: 바닐라라떼 | F86: 1 | G86: 4500 | H86: 4500 | I86: 카드 | J86: 최지훈 | K86: 판매
A87: 2026-4-14 | B87: S001 | C87: 신구점 | D87: P007 | E87: 치즈케이크 | F87: 4 | G87: 5000 | H87: 20000 | I87: 카드 | J87: 정다은 | K87: 판매
A88: 46152 | B88: S001 | C88: 신구점 | D88: P009 | E88: 샌드위치 | F88: 3 | G88: 5500 | H88: 16500 | I88: 간편결제 | J88: 김민지 | K88: 판매
A89: 46098 | B89: S001 | C89: 신구점 | D89: P013 | E89: 녹차라떼 | F89: 2 | G89: 4500 | H89: 9000 | I89: 카드 | J89: 김민지 | K89: 판매
A90: 46099 | B90: S001 | C90: 신구점 | D90: P001 | E90: 아메리카노 | F90: 1 | G90: 3000 | H90: 3000 | I90: 카드 | J90: 박서연 | K90: 판매
A91: 46082 | B91: S002 | C91: 성남지점 | D91: P010 | E91: 베이글 | F91: 5 | G91: 4000 | H91: 20000 | I91: 간편결제 | J91: 한지우 | K91: 판매
A92: 46152 | B92: S003 | C92: 용인점 | D92: P001 | E92: 아메리카노 | F92: 1 | G92: 3000 | H92: 3000 | I92: 간편결제 | J92: 이서준 | K92: 판매
A93: 46165 | B93: S002 | C93: 성남점 | D93: P007 | E93: 치즈케이크 | F93: 2 | G93: 5000 | H93: 10000 | I93: 카드 | J93: 한지우 | K93: 판매
A94: 46133 | B94: S001 | C94: 신구점 | D94: P003 | E94: 바닐라라떼 | F94: 1 | G94: 4500 | H94: 4500 | I94: 현금 | J94: 이서준 | K94: 판매
A95: 46102 | B95: S002 | C95: 성남점 | D95: P002 | E95: 카페라떼 | F95: 2 | G95: 4000 | H95: 8000 | I95: 간편결제 | J95: 정다은 | K95: 취소
A96: 46109 | B96: S003 | C96: 용인점 | D96: P003 | E96: 바닐라라떼 | F96: 1 | H96: 4500 | I96: 간편결제 | J96: 김민지 | K96: 판매
A97: 46136 | B97: S001 | C97: 신구점 | D97: P009 | E97: 샌드위치 | F97: 1 | G97: 5500 | H97: 5500 | I97: 카드 | J97: 김민지 | K97: 판매
A98: 46091 | B98: S001 | C98: 신구점 | D98: P008 | E98: 크루아상 | F98: 2 | G98: 3500 | H98: 7000 | I98: 카드 | J98: 김민지 | K98: 판매
A99: 46136 | B99: S002 | C99: 성남점 | D99: P001 | E99: 아메리카노 | F99: 2 | G99: 3000 | H99: 6000 | I99: 카드 | J99: 정다은 | K99: 판매
A100: 46115 | B100: S003 | C100: 용인점 | D100: P008 | E100: 크루아상 | F100: 2 | G100: 3500 | H100: 7000 | I100: 간편결제 | J100: 박서연 | K100: 판매
...

Sheet 03_상품Master
A1: 상품코드 | B1: 상품명 | C1: 상품분류 | D1: 정상판매가
A2: P001 | B2: 아메리카노 | C2: 커피 | D2: 3000
A3: P002 | B3: 카페라떼 | C3: 커피 | D3: 4000
A4: P003 | B4: 바닐라라떼 | C4: 커피 | D4: 4500
A5: P004 | B5: 카라멜마끼아또 | C5: 커피 | D5: 4800
A6: P005 | B6: 녹차라떼 | C6: 논커피 | D6: 4500
A7: P006 | B7: 초코라떼 | C7: 논커피 | D7: 4500
A8: P007 | B8: 치즈케이크 | C8: 디저트 | D8: 5000
A9: P008 | B9: 크루아상 | C9: 디저트 | D9: 3500
A10: P009 | B10: 샌드위치 | C10: 푸드 | D10: 5500
A11: P010 | B11: 베이글 | C11: 푸드 | D11: 4000

Sheet 04_지점Master
A1: 지점코드 | B1: 지점명 | C1: 지역
A2: S001 | B2: 신구점 | C2: 성남시
A3: S002 | B3: 성남점 | C3: 성남시
A4: S003 | B4: 용인점 | C4: 용인시

Sheet 05_정제데이터
A1: 주문일자 | B1: 지점코드 | C1: 지점명 | D1: 상품코드 | E1: 상품명 | F1: 수량 | G1: 판매단가 | H1: 매출액 | I1: 결제수단 | J1: 담당자 | K1: 주문상태 | L1: 비고 | M1: 상품분류 | N1: 매출검증 | O1: 중복키 | P1: 중복여부 | Q1: 날짜변환 | R1: 지점명2 | S1: 상품코드3 | T1: 상품명4 | U1: 매출액5 | W1: 3월 신구점 판매
A2: 46091 | B2: S001 | C2: 신구점 | D2: P005 | E2: 녹차라떼 | F2: 3 | G2: 4500 | H2: 13500 | I2: 카드 | J2: 한지우 | K2: 판매 | M2: =_xlfn.XLOOKUP(D2,'03_상품Master'!$A$2:$A$11,'03_상품Master'!$C$2:$C$11,"확인필요") -> 논커피 | N2: =IF(COUNT(F2:H2)<3, "값확인", IF(F2*G2=H2, "정상", "검토필요")) -> 정상 | O2: =_xlfn.TEXTJOIN("|",FALSE,A2:L2) -> 46091|S001|신구점|P005|녹차라떼|3|4500|13500|카드|한지우|판매| | P2: =IF(COUNTIF(O2:O290,O2)>1,"중복", "") | Q2: =IFERROR(IF(ISNUMBER(A2), A2,DATEVALUE(SUBSTITUTE(A2,".","-")))," 확인필요") -> 46091 | W2: =SUMIFS(H:H,C:C,"신구점",K:K,"판매",A:A,">="&DATE(2026,3,1), A:A,"<"&DATE(2026,4,1)) -> 298300
A3: 46129 | B3: S002 | C3: 성남점 | D3: P002 | E3: 카페라떼 | F3: 1 | G3: 4000 | H3: 4000 | I3: 간편결제 | J3: 한지우 | K3: 판매 | M3: =_xlfn.XLOOKUP(D3,'03_상품Master'!$A$2:$A$11,'03_상품Master'!$C$2:$C$11,"확인필요") -> 커피 | N3: =IF(COUNT(F3:H3)<3, "값확인", IF(F3*G3=H3, "정상", "검토필요")) -> 정상 | O3: =_xlfn.TEXTJOIN("|",FALSE,A3:L3) -> 46129|S002|성남점|P002|카페라떼|1|4000|4000|간편결제|한지우|판매| | P3: =IF(COUNTIF(O3:O291,O3)>1,"중복", "") | Q3: =IFERROR(IF(ISNUMBER(A3), A3,DATEVALUE(SUBSTITUTE(A3,".","-")))," 확인필요") -> 46129
A4: 46088 | B4: S002 | C4: 성남점 | D4: P007 | E4: 치즈케이크 | F4: 2 | G4: 5000 | H4: 10000 | I4: 카드 | J4: 정다은 | K4: 판매 | M4: =_xlfn.XLOOKUP(D4,'03_상품Master'!$A$2:$A$11,'03_상품Master'!$C$2:$C$11,"확인필요") -> 디저트 | N4: =IF(COUNT(F4:H4)<3, "값확인", IF(F4*G4=H4, "정상", "검토필요")) -> 정상 | O4: =_xlfn.TEXTJOIN("|",FALSE,A4:L4) -> 46088|S002|성남점|P007|치즈케이크|2|5000|10000|카드|정다은|판매| | P4: =IF(COUNTIF(O4:O292,O4)>1,"중복", "") | Q4: =IFERROR(IF(ISNUMBER(A4), A4,DATEVALUE(SUBSTITUTE(A4,".","-")))," 확인필요") -> 46088
A5: 46139 | B5: S002 | C5: 성남점 | D5: P001 | E5: 아메리카노 | F5: 3 | G5: 3000 | H5: 9000 | I5: 간편결제 | J5: 박서연 | K5: 판매 | M5: =_xlfn.XLOOKUP(D5,'03_상품Master'!$A$2:$A$11,'03_상품Master'!$C$2:$C$11,"확인필요") -> 커피 | N5: =IF(COUNT(F5:H5)<3, "값확인", IF(F5*G5=H5, "정상", "검토필요")) -> 정상 | O5: =_xlfn.TEXTJOIN("|",FALSE,A5:L5) -> 46139|S002|성남점|P001|아메리카노|3|3000|9000|간편결제|박서연|판매| | P5: =IF(COUNTIF(O5:O293,O5)>1,"중복", "") | Q5: =IFERROR(IF(ISNUMBER(A5), A5,DATEVALUE(SUBSTITUTE(A5,".","-")))," 확인필요") -> 46139
A6: 46112 | B6: S001 | C6: 신구점 | D6: P003 | E6: 바닐라라떼 | F6: 4 | G6: 4500 | H6: 18000 | I6: 간편결제 | J6: 박서연 | K6: 판매 | M6: =_xlfn.XLOOKUP(D6,'03_상품Master'!$A$2:$A$11,'03_상품Master'!$C$2:$C$11,"확인필요") -> 커피 | N6: =IF(COUNT(F6:H6)<3, "값확인", IF(F6*G6=H6, "정상", "검토필요")) -> 정상 | O6: =_xlfn.TEXTJOIN("|",FALSE,A6:L6) -> 46112|S001|신구점|P003|바닐라라떼|4|4500|18000|간편결제|박서연|판매| | P6: =IF(COUNTIF(O6:O294,O6)>1,"중복", "") | Q6: =IFERROR(IF(ISNUMBER(A6), A6,DATEVALUE(SUBSTITUTE(A6,".","-")))," 확인필요") -> 46112
A7: 46085 | B7: S003 | C7: 용인점 | D7: P001 | E7: 아메리카노 | F7: 1 | G7: 3000 | H7: 3000 | I7: 현금 | J7: 한지우 | K7: 판매 | M7: =_xlfn.XLOOKUP(D7,'03_상품Master'!$A$2:$A$11,'03_상품Master'!$C$2:$C$11,"확인필요") -> 커피 | N7: =IF(COUNT(F7:H7)<3, "값확인", IF(F7*G7=H7, "정상", "검토필요")) -> 정상 | O7: =_xlfn.TEXTJOIN("|",FALSE,A7:L7) -> 46085|S003|용인점|P001|아메리카노|1|3000|3000|현금|한지우|판매| | P7: =IF(COUNTIF(O7:O295,O7)>1,"중복", "") | Q7: =IFERROR(IF(ISNUMBER(A7), A7,DATEVALUE(SUBSTITUTE(A7,".","-")))," 확인필요") -> 46085
A8: 46106 | B8: S001 | C8: 신구점 | D8: P003 | E8: 바닐라라떼 | F8: 1 | G8: 4500 | H8: 4500 | I8: 카드 | J8: 최지훈 | K8: 판매 | M8: =_xlfn.XLOOKUP(D8,'03_상품Master'!$A$2:$A$11,'03_상품Master'!$C$2:$C$11,"확인필요") -> 커피 | N8: =IF(COUNT(F8:H8)<3, "값확인", IF(F8*G8=H8, "정상", "검토필요")) -> 정상 | O8: =_xlfn.TEXTJOIN("|",FALSE,A8:L8) -> 46106|S001|신구점|P003|바닐라라떼|1|4500|4500|카드|최지훈|판매| | P8: =IF(COUNTIF(O8:O297,O8)>1,"중복", "") | Q8: =IFERROR(IF(ISNUMBER(A8), A8,DATEVALUE(SUBSTITUTE(A8,".","-")))," 확인필요") -> 46106
A9: 46111 | B9: S001 | C9: 신구점 | D9: P008 | E9: 크루아상 | F9: 2 | G9: 3500 | H9: 7000 | I9: 카드 | J9: 한지우 | K9: 판매 | M9: =_xlfn.XLOOKUP(D9,'03_상품Master'!$A$2:$A$11,'03_상품Master'!$C$2:$C$11,"확인필요") -> 디저트 | N9: =IF(COUNT(F9:H9)<3, "값확인", IF(F9*G9=H9, "정상", "검토필요")) -> 정상 | O9: =_xlfn.TEXTJOIN("|",FALSE,A9:L9) -> 46111|S001|신구점|P008|크루아상|2|3500|7000|카드|한지우|판매| | P9: =IF(COUNTIF(O9:O298,O9)>1,"중복", "") | Q9: =IFERROR(IF(ISNUMBER(A9), A9,DATEVALUE(SUBSTITUTE(A9,".","-")))," 확인필요") -> 46111
A10: 46126 | B10: S003 | C10: 용인점 | D10: P001 | E10: 아메리카노 | F10: 2 | G10: 3000 | H10: 6000 | I10: 간편결제 | J10: 이서준 | K10: 판매 | M10: =_xlfn.XLOOKUP(D10,'03_상품Master'!$A$2:$A$11,'03_상품Master'!$C$2:$C$11,"확인필요") -> 커피 | N10: =IF(COUNT(F10:H10)<3, "값확인", IF(F10*G10=H10, "정상", "검토필요")) -> 정상 | O10: =_xlfn.TEXTJOIN("|",FALSE,A10:L10) -> 46126|S003|용인점|P001|아메리카노|2|3000|6000|간편결제|이서준|판매| | P10: =IF(COUNTIF(O10:O299,O10)>1,"중복", "") | Q10: =IFERROR(IF(ISNUMBER(A10), A10,DATEVALUE(SUBSTITUTE(A10,".","-")))," 확인필요") -> 46126
A11: 46109 | B11: S002 | C11: 성남점 | D11: P003 | E11: 바닐라라떼 | F11: 2 | G11: 4500 | H11: 9000 | I11: 카드 | J11: 김민지 | K11: 판매 | M11: =_xlfn.XLOOKUP(D11,'03_상품Master'!$A$2:$A$11,'03_상품Master'!$C$2:$C$11,"확인필요") -> 커피 | N11: =IF(COUNT(F11:H11)<3, "값확인", IF(F11*G11=H11, "정상", "검토필요")) -> 정상 | O11: =_xlfn.TEXTJOIN("|",FALSE,A11:L11) -> 46109|S002|성남점|P003|바닐라라떼|2|4500|9000|카드|김민지|판매| | P11: =IF(COUNTIF(O11:O300,O11)>1,"중복", "") | Q11: =IFERROR(IF(ISNUMBER(A11), A11,DATEVALUE(SUBSTITUTE(A11,".","-")))," 확인필요") -> 46109
A12: 46136 | B12: S002 | C12: 성남점 | D12: P003 | E12: 바닐라라떼 | F12: 5 | G12: 4500 | H12: 22500 | I12: 현금 | J12: 박서연 | K12: 판매 | M12: =_xlfn.XLOOKUP(D12,'03_상품Master'!$A$2:$A$11,'03_상품Master'!$C$2:$C$11,"확인필요") -> 커피 | N12: =IF(COUNT(F12:H12)<3, "값확인", IF(F12*G12=H12, "정상", "검토필요")) -> 정상 | O12: =_xlfn.TEXTJOIN("|",FALSE,A12:L12) -> 46136|S002|성남점|P003|바닐라라떼|5|4500|22500|현금|박서연|판매| | P12: =IF(COUNTIF(O12:O301,O12)>1,"중복", "") | Q12: =IFERROR(IF(ISNUMBER(A12), A12,DATEVALUE(SUBSTITUTE(A12,".","-")))," 확인필요") -> 46136
A13: 46150 | B13: S002 | C13: 성남점 | D13: P009 | E13: 샌드위치 | F13: 4 | G13: 5500 | H13: 22000 | I13: 현금 | J13: 박서연 | K13: 판매 | M13: =_xlfn.XLOOKUP(D13,'03_상품Master'!$A$2:$A$11,'03_상품Master'!$C$2:$C$11,"확인필요") -> 푸드 | N13: =IF(COUNT(F13:H13)<3, "값확인", IF(F13*G13=H13, "정상", "검토필요")) -> 정상 | O13: =_xlfn.TEXTJOIN("|",FALSE,A13:L13) -> 46150|S002|성남점|P009|샌드위치|4|5500|22000|현금|박서연|판매| | P13: =IF(COUNTIF(O13:O302,O13)>1,"중복", "") | Q13: =IFERROR(IF(ISNUMBER(A13), A13,DATEVALUE(SUBSTITUTE(A13,".","-")))," 확인필요") -> 46150
A14: 46103 | B14: S001 | C14: 신구점 | D14: P001 | E14: 아메리카노 | F14: 1 | G14: 3000 | H14: 3000 | I14: 간편결제 | J14: 김민지 | K14: 판매 | M14: =_xlfn.XLOOKUP(D14,'03_상품Master'!$A$2:$A$11,'03_상품Master'!$C$2:$C$11,"확인필요") -> 커피 | N14: =IF(COUNT(F14:H14)<3, "값확인", IF(F14*G14=H14, "정상", "검토필요")) -> 정상 | O14: =_xlfn.TEXTJOIN("|",FALSE,A14:L14) -> 46103|S001|신구점|P001|아메리카노|1|3000|3000|간편결제|김민지|판매| | P14: =IF(COUNTIF(O14:O303,O14)>1,"중복", "") | Q14: =IFERROR(IF(ISNUMBER(A14), A14,DATEVALUE(SUBSTITUTE(A14,".","-")))," 확인필요") -> 46103
A15: 46144 | B15: S001 | C15: 신구점 | D15: P002 | E15: 카페라떼 | F15: 2 | G15: 4000 | H15: 8000 | I15: 간편결제 | J15: 김민지 | K15: 판매 | M15: =_xlfn.XLOOKUP(D15,'03_상품Master'!$A$2:$A$11,'03_상품Master'!$C$2:$C$11,"확인필요") -> 커피 | N15: =IF(COUNT(F15:H15)<3, "값확인", IF(F15*G15=H15, "정상", "검토필요")) -> 정상 | O15: =_xlfn.TEXTJOIN("|",FALSE,A15:L15) -> 46144|S001|신구점|P002|카페라떼|2|4000|8000|간편결제|김민지|판매| | P15: =IF(COUNTIF(O15:O304,O15)>1,"중복", "") | Q15: =IFERROR(IF(ISNUMBER(A15), A15,DATEVALUE(SUBSTITUTE(A15,".","-")))," 확인필요") -> 46144
A16: 46125 | B16: S001 | C16: 신구점 | D16: P004 | E16: 카라멜마끼아또 | F16: 2 | G16: 4800 | H16: 9600 | I16: 현금 | J16: 정다은 | K16: 취소 | M16: =_xlfn.XLOOKUP(D16,'03_상품Master'!$A$2:$A$11,'03_상품Master'!$C$2:$C$11,"확인필요") -> 커피 | N16: =IF(COUNT(F16:H16)<3, "값확인", IF(F16*G16=H16, "정상", "검토필요")) -> 정상 | O16: =_xlfn.TEXTJOIN("|",FALSE,A16:L16) -> 46125|S001|신구점|P004|카라멜마끼아또|2|4800|9600|현금|정다은|취소| | P16: =IF(COUNTIF(O16:O305,O16)>1,"중복", "") | Q16: =IFERROR(IF(ISNUMBER(A16), A16,DATEVALUE(SUBSTITUTE(A16,".","-")))," 확인필요") -> 46125
A17: 46131 | B17: S001 | C17: 신구점 | D17: P001 | E17: 아메리카노 | F17: 3 | G17: 3000 | H17: 9000 | I17: 현금 | J17: 박서연 | K17: 판매 | M17: =_xlfn.XLOOKUP(D17,'03_상품Master'!$A$2:$A$11,'03_상품Master'!$C$2:$C$11,"확인필요") -> 커피 | N17: =IF(COUNT(F17:H17)<3, "값확인", IF(F17*G17=H17, "정상", "검토필요")) -> 정상 | O17: =_xlfn.TEXTJOIN("|",FALSE,A17:L17) -> 46131|S001|신구점|P001|아메리카노|3|3000|9000|현금|박서연|판매| | P17: =IF(COUNTIF(O17:O306,O17)>1,"중복", "") | Q17: =IFERROR(IF(ISNUMBER(A17), A17,DATEVALUE(SUBSTITUTE(A17,".","-")))," 확인필요") -> 46131
A18: 46165 | B18: S001 | C18: 신구점 | D18: P010 | E18: 베이글 | F18: 2 | G18: 4000 | H18: 8000 | I18: 카드 | J18: 박서연 | K18: 판매 | M18: =_xlfn.XLOOKUP(D18,'03_상품Master'!$A$2:$A$11,'03_상품Master'!$C$2:$C$11,"확인필요") -> 푸드 | N18: =IF(COUNT(F18:H18)<3, "값확인", IF(F18*G18=H18, "정상", "검토필요")) -> 정상 | O18: =_xlfn.TEXTJOIN("|",FALSE,A18:L18) -> 46165|S001|신구점|P010|베이글|2|4000|8000|카드|박서연|판매| | P18: =IF(COUNTIF(O18:O307,O18)>1,"중복", "") | Q18: =IFERROR(IF(ISNUMBER(A18), A18,DATEVALUE(SUBSTITUTE(A18,".","-")))," 확인필요") -> 46165
A19: 46160 | B19: S002 | C19: 성남점 | D19: P001 | E19: 아메리카노 | F19: 1 | G19: 3000 | H19: 3000 | I19: 간편결제 | J19: 최지훈 | K19: 판매 | M19: =_xlfn.XLOOKUP(D19,'03_상품Master'!$A$2:$A$11,'03_상품Master'!$C$2:$C$11,"확인필요") -> 커피 | N19: =IF(COUNT(F19:H19)<3, "값확인", IF(F19*G19=H19, "정상", "검토필요")) -> 정상 | O19: =_xlfn.TEXTJOIN("|",FALSE,A19:L19) -> 46160|S002|성남점|P001|아메리카노|1|3000|3000|간편결제|최지훈|판매| | P19: =IF(COUNTIF(O19:O308,O19)>1,"중복", "") | Q19: =IFERROR(IF(ISNUMBER(A19), A19,DATEVALUE(SUBSTITUTE(A19,".","-")))," 확인필요") -> 46160
A20: 46126 | B20: S001 | C20: 신구점 | D20: P004 | E20: 카라멜마끼아또 | F20: 4 | G20: 4800 | H20: 19200 | I20: 현금 | K20: 판매 | M20: =_xlfn.XLOOKUP(D20,'03_상품Master'!$A$2:$A$11,'03_상품Master'!$C$2:$C$11,"확인필요") -> 커피 | N20: =IF(COUNT(F20:H20)<3, "값확인", IF(F20*G20=H20, "정상", "검토필요")) -> 정상 | O20: =_xlfn.TEXTJOIN("|",FALSE,A20:L20) -> 46126|S001|신구점|P004|카라멜마끼아또|4|4800|19200|현금||판매| | P20: =IF(COUNTIF(O20:O309,O20)>1,"중복", "") | Q20: =IFERROR(IF(ISNUMBER(A20), A20,DATEVALUE(SUBSTITUTE(A20,".","-")))," 확인필요") -> 46126
A21: 46138 | B21: S003 | C21: 용인점 | D21: P008 | E21: 크루아상 | F21: 2 | G21: 3500 | H21: 7000 | I21: 카드 | J21: 최지훈 | K21: 판매 | M21: =_xlfn.XLOOKUP(D21,'03_상품Master'!$A$2:$A$11,'03_상품Master'!$C$2:$C$11,"확인필요") -> 디저트 | N21: =IF(COUNT(F21:H21)<3, "값확인", IF(F21*G21=H21, "정상", "검토필요")) -> 정상 | O21: =_xlfn.TEXTJOIN("|",FALSE,A21:L21) -> 46138|S003|용인점|P008|크루아상|2|3500|7000|카드|최지훈|판매| | P21: =IF(COUNTIF(O21:O310,O21)>1,"중복", "") | Q21: =IFERROR(IF(ISNUMBER(A21), A21,DATEVALUE(SUBSTITUTE(A21,".","-")))," 확인필요") -> 46138
A22: 46141 | B22: S003 | C22: 용인점 | D22: P005 | E22: 녹차라떼 | F22: 1 | G22: 4500 | H22: 4500 | I22: 간편결제 | J22: 최지훈 | K22: 판매 | M22: =_xlfn.XLOOKUP(D22,'03_상품Master'!$A$2:$A$11,'03_상품Master'!$C$2:$C$11,"확인필요") -> 논커피 | N22: =IF(COUNT(F22:H22)<3, "값확인", IF(F22*G22=H22, "정상", "검토필요")) -> 정상 | O22: =_xlfn.TEXTJOIN("|",FALSE,A22:L22) -> 46141|S003|용인점|P005|녹차라떼|1|4500|4500|간편결제|최지훈|판매| | P22: =IF(COUNTIF(O22:O311,O22)>1,"중복", "") | Q22: =IFERROR(IF(ISNUMBER(A22), A22,DATEVALUE(SUBSTITUTE(A22,".","-")))," 확인필요") -> 46141
A23: 46133 | B23: S003 | C23: 용인점 | D23: P001 | E23: 아메리카노 | F23: 1 | G23: 3000 | H23: 3000 | I23: 카드 | J23: 김민지 | K23: 판매 | M23: =_xlfn.XLOOKUP(D23,'03_상품Master'!$A$2:$A$11,'03_상품Master'!$C$2:$C$11,"확인필요") -> 커피 | N23: =IF(COUNT(F23:H23)<3, "값확인", IF(F23*G23=H23, "정상", "검토필요")) -> 정상 | O23: =_xlfn.TEXTJOIN("|",FALSE,A23:L23) -> 46133|S003|용인점|P001|아메리카노|1|3000|3000|카드|김민지|판매| | P23: =IF(COUNTIF(O23:O312,O23)>1,"중복", "") | Q23: =IFERROR(IF(ISNUMBER(A23), A23,DATEVALUE(SUBSTITUTE(A23,".","-")))," 확인필요") -> 46133
A24: 46130 | B24: S001 | C24: 신구점 | D24: P002 | E24: 카페라떼 | F24: 2 | G24: 4000 | H24: 8000 | I24: 카드 | J24: 한지우 | K24: 판매 | M24: =_xlfn.XLOOKUP(D24,'03_상품Master'!$A$2:$A$11,'03_상품Master'!$C$2:$C$11,"확인필요") -> 커피 | N24: =IF(COUNT(F24:H24)<3, "값확인", IF(F24*G24=H24, "정상", "검토필요")) -> 정상 | O24: =_xlfn.TEXTJOIN("|",FALSE,A24:L24) -> 46130|S001|신구점|P002|카페라떼|2|4000|8000|카드|한지우|판매| | P24: =IF(COUNTIF(O24:O313,O24)>1,"중복", "") | Q24: =IFERROR(IF(ISNUMBER(A24), A24,DATEVALUE(SUBSTITUTE(A24,".","-")))," 확인필요") -> 46130
A25: 46141 | B25: S001 | C25: 신구점 | D25: P001 | E25: 아메리카노 | F25: 2 | G25: 3000 | H25: 6000 | I25: 간편결제 | J25: 박서연 | K25: 판매 | M25: =_xlfn.XLOOKUP(D25,'03_상품Master'!$A$2:$A$11,'03_상품Master'!$C$2:$C$11,"확인필요") -> 커피 | N25: =IF(COUNT(F25:H25)<3, "값확인", IF(F25*G25=H25, "정상", "검토필요")) -> 정상 | O25: =_xlfn.TEXTJOIN("|",FALSE,A25:L25) -> 46141|S001|신구점|P001|아메리카노|2|3000|6000|간편결제|박서연|판매| | P25: =IF(COUNTIF(O25:O314,O25)>1,"중복", "") | Q25: =IFERROR(IF(ISNUMBER(A25), A25,DATEVALUE(SUBSTITUTE(A25,".","-")))," 확인필요") -> 46141
A26: 46149 | B26: S001 | C26: 신구점 | D26: P007 | E26: 치즈케이크 | F26: 2 | G26: 5000 | H26: 10000 | I26: 간편결제 | J26: 김민지 | K26: 취소 | M26: =_xlfn.XLOOKUP(D26,'03_상품Master'!$A$2:$A$11,'03_상품Master'!$C$2:$C$11,"확인필요") -> 디저트 | N26: =IF(COUNT(F26:H26)<3, "값확인", IF(F26*G26=H26, "정상", "검토필요")) -> 정상 | O26: =_xlfn.TEXTJOIN("|",FALSE,A26:L26) -> 46149|S001|신구점|P007|치즈케이크|2|5000|10000|간편결제|김민지|취소| | P26: =IF(COUNTIF(O26:O315,O26)>1,"중복", "") | Q26: =IFERROR(IF(ISNUMBER(A26), A26,DATEVALUE(SUBSTITUTE(A26,".","-")))," 확인필요") -> 46149
A27: 46163 | B27: S002 | C27: 성남점 | D27: P008 | E27: 크루아상 | F27: 2 | G27: 3500 | H27: 7000 | I27: 간편결제 | J27: 정다은 | K27: 취소 | M27: =_xlfn.XLOOKUP(D27,'03_상품Master'!$A$2:$A$11,'03_상품Master'!$C$2:$C$11,"확인필요") -> 디저트 | N27: =IF(COUNT(F27:H27)<3, "값확인", IF(F27*G27=H27, "정상", "검토필요")) -> 정상 | O27: =_xlfn.TEXTJOIN("|",FALSE,A27:L27) -> 46163|S002|성남점|P008|크루아상|2|3500|7000|간편결제|정다은|취소| | P27: =IF(COUNTIF(O27:O316,O27)>1,"중복", "") | Q27: =IFERROR(IF(ISNUMBER(A27), A27,DATEVALUE(SUBSTITUTE(A27,".","-")))," 확인필요") -> 46163
A28: 46095 | B28: S003 | C28: 용인점 | D28: P007 | E28: 치즈케이크 | F28: 4 | G28: 5000 | H28: 20000 | I28: 현금 | J28: 정다은 | K28: 판매 | M28: =_xlfn.XLOOKUP(D28,'03_상품Master'!$A$2:$A$11,'03_상품Master'!$C$2:$C$11,"확인필요") -> 디저트 | N28: =IF(COUNT(F28:H28)<3, "값확인", IF(F28*G28=H28, "정상", "검토필요")) -> 정상 | O28: =_xlfn.TEXTJOIN("|",FALSE,A28:L28) -> 46095|S003|용인점|P007|치즈케이크|4|5000|20000|현금|정다은|판매| | P28: =IF(COUNTIF(O28:O317,O28)>1,"중복", "") | Q28: =IFERROR(IF(ISNUMBER(A28), A28,DATEVALUE(SUBSTITUTE(A28,".","-")))," 확인필요") -> 46095
A29: 46115 | B29: S002 | C29: 성남점 | D29: P004 | E29: 카라멜마끼아또 | F29: 3 | G29: 4800 | H29: 14400 | I29: 간편결제 | J29: 김민지 | K29: 판매 | M29: =_xlfn.XLOOKUP(D29,'03_상품Master'!$A$2:$A$11,'03_상품Master'!$C$2:$C$11,"확인필요") -> 커피 | N29: =IF(COUNT(F29:H29)<3, "값확인", IF(F29*G29=H29, "정상", "검토필요")) -> 정상 | O29: =_xlfn.TEXTJOIN("|",FALSE,A29:L29) -> 46115|S002|성남점|P004|카라멜마끼아또|3|4800|14400|간편결제|김민지|판매| | P29: =IF(COUNTIF(O29:O318,O29)>1,"중복", "") | Q29: =IFERROR(IF(ISNUMBER(A29), A29,DATEVALUE(SUBSTITUTE(A29,".","-")))," 확인필요") -> 46115
A30: 46161 | B30: S001 | C30: 신구점 | D30: P001 | E30: 아메리카노 | F30: 2 | G30: 3000 | H30: 6000 | I30: 카드 | J30: 박서연 | K30: 판매 | M30: =_xlfn.XLOOKUP(D30,'03_상품Master'!$A$2:$A$11,'03_상품Master'!$C$2:$C$11,"확인필요") -> 커피 | N30: =IF(COUNT(F30:H30)<3, "값확인", IF(F30*G30=H30, "정상", "검토필요")) -> 정상 | O30: =_xlfn.TEXTJOIN("|",FALSE,A30:L30) -> 46161|S001|신구점|P001|아메리카노|2|3000|6000|카드|박서연|판매| | P30: =IF(COUNTIF(O30:O319,O30)>1,"중복", "") | Q30: =IFERROR(IF(ISNUMBER(A30), A30,DATEVALUE(SUBSTITUTE(A30,".","-")))," 확인필요") -> 46161
A31: 46119 | B31: S002 | C31: 성남점 | D31: P006 | E31: 초코라떼 | F31: 1 | G31: 4500 | H31: 4500 | I31: 현금 | J31: 이서준 | K31: 판매 | M31: =_xlfn.XLOOKUP(D31,'03_상품Master'!$A$2:$A$11,'03_상품Master'!$C$2:$C$11,"확인필요") -> 논커피 | N31: =IF(COUNT(F31:H31)<3, "값확인", IF(F31*G31=H31, "정상", "검토필요")) -> 정상 | O31: =_xlfn.TEXTJOIN("|",FALSE,A31:L31) -> 46119|S002|성남점|P006|초코라떼|1|4500|4500|현금|이서준|판매| | P31: =IF(COUNTIF(O31:O320,O31)>1,"중복", "") | Q31: =IFERROR(IF(ISNUMBER(A31), A31,DATEVALUE(SUBSTITUTE(A31,".","-")))," 확인필요") -> 46119
A32: 46088 | B32: S002 | C32: 성남점 | D32: P005 | E32: 녹차라떼 | F32: 1 | G32: 4500 | H32: 4500 | I32: 간편결제 | J32: 정다은 | K32: 판매 | M32: =_xlfn.XLOOKUP(D32,'03_상품Master'!$A$2:$A$11,'03_상품Master'!$C$2:$C$11,"확인필요") -> 논커피 | N32: =IF(COUNT(F32:H32)<3, "값확인", IF(F32*G32=H32, "정상", "검토필요")) -> 정상 | O32: =_xlfn.TEXTJOIN("|",FALSE,A32:L32) -> 46088|S002|성남점|P005|녹차라떼|1|4500|4500|간편결제|정다은|판매| | P32: =IF(COUNTIF(O32:O321,O32)>1,"중복", "") | Q32: =IFERROR(IF(ISNUMBER(A32), A32,DATEVALUE(SUBSTITUTE(A32,".","-")))," 확인필요") -> 46088
... A35: 46090 | B35: S003 | C35: 용인점 | D35: P004 | E35: 카라멜마끼아또 | F35: 2 | G35: 4800 | H35: 9600 | I35: 간편결제 | J35: 김민지 | K35: 판매 | M35: =_xlfn.XLOOKUP(D35,'03_상품Master'!$A$2:$A$11,'03_상품Master'!$C$2:$C$11,"확인필요") -> 커피 | N35: =IF(COUNT(F35:H35)<3, "값확인", IF(F35*G35=H35, "정상", "검토필요")) -> 정상 | O35: =_xlfn.TEXTJOIN("|",FALSE,A35:L35) -> 46090|S003|용인점|P004|카라멜마끼아또|2|4800|9600|간편결제|김민지|판매| | P35: =IF(COUNTIF(O35:O324,O35)>1,"중복", "") | Q35: =IFERROR(IF(ISNUMBER(A35), A35,DATEVALUE(SUBSTITUTE(A35,".","-")))," 확인필요") -> 46090
A36: 46149 | B36: S002 | C36: 성남점 | D36: P008 | E36: 크루아상 | F36: 1 | G36: 3500 | H36: 3500 | J36: 최지훈 | K36: 판매 | M36: =_xlfn.XLOOKUP(D36,'03_상품Master'!$A$2:$A$11,'03_상품Master'!$C$2:$C$11,"확인필요") -> 디저트 | N36: =IF(COUNT(F36:H36)<3, "값확인", IF(F36*G36=H36, "정상", "검토필요")) -> 정상 | O36: =_xlfn.TEXTJOIN("|",FALSE,A36:L36) -> 46149|S002|성남점|P008|크루아상|1|3500|3500||최지훈|판매| | P36: =IF(COUNTIF(O36:O325,O36)>1,"중복", "") | Q36: =IFERROR(IF(ISNUMBER(A36), A36,DATEVALUE(SUBSTITUTE(A36,".","-")))," 확인필요") -> 46149
A37: 46168 | B37: S002 | C37: 성남점 | D37: P010 | E37: 베이글 | F37: 1 | G37: 4000 | H37: 4000 | I37: 현금 | J37: 박서연 | K37: 판매 | M37: =_xlfn.XLOOKUP(D37,'03_상품Master'!$A$2:$A$11,'03_상품Master'!$C$2:$C$11,"확인필요") -> 푸드 | N37: =IF(COUNT(F37:H37)<3, "값확인", IF(F37*G37=H37, "정상", "검토필요")) -> 정상 | O37: =_xlfn.TEXTJOIN("|",FALSE,A37:L37) -> 46168|S002|성남점|P010|베이글|1|4000|4000|현금|박서연|판매| | P37: =IF(COUNTIF(O37:O326,O37)>1,"중복", "") | Q37: =IFERROR(IF(ISNUMBER(A37), A37,DATEVALUE(SUBSTITUTE(A37,".","-")))," 확인필요") -> 46168
A38: 46153 | B38: S001 | C38: 신구점 | D38: P010 | E38: 베이글 | F38: 1 | G38: 4000 | H38: 4000 | I38: 카드 | J38: 한지우 | K38: 판매 | M38: =_xlfn.XLOOKUP(D38,'03_상품Master'!$A$2:$A$11,'03_상품Master'!$C$2:$C$11,"확인필요") -> 푸드 | N38: =IF(COUNT(F38:H38)<3, "값확인", IF(F38*G38=H38, "정상", "검토필요")) -> 정상 | O38: =_xlfn.TEXTJOIN("|",FALSE,A38:L38) -> 46153|S001|신구점|P010|베이글|1|4000|4000|카드|한지우|판매| | P38: =IF(COUNTIF(O38:O327,O38)>1,"중복", "") | Q38: =IFERROR(IF(ISNUMBER(A38), A38,DATEVALUE(SUBSTITUTE(A38,".","-")))," 확인필요") -> 46153
A39: 46108 | B39: S001 | C39: 신구점 | D39: P010 | E39: 베이글 | F39: 2 | G39: 4000 | H39: 8000 | I39: 현금 | J39: 박서연 | K39: 취소 | M39: =_xlfn.XLOOKUP(D39,'03_상품Master'!$A$2:$A$11,'03_상품Master'!$C$2:$C$11,"확인필요") -> 푸드 | N39: =IF(COUNT(F39:H39)<3, "값확인", IF(F39*G39=H39, "정상", "검토필요")) -> 정상 | O39: =_xlfn.TEXTJOIN("|",FALSE,A39:L39) -> 46108|S001|신구점|P010|베이글|2|4000|8000|현금|박서연|취소| | P39: =IF(COUNTIF(O39:O328,O39)>1,"중복", "") | Q39: =IFERROR(IF(ISNUMBER(A39), A39,DATEVALUE(SUBSTITUTE(A39,".","-")))," 확인필요") -> 46108
A40: 46090 | B40: S001 | C40: 신구점 | D40: P008 | E40: 크루아상 | F40: 3 | G40: 3500 | H40: 10500 | I40: 간편결제 | J40: 최지훈 | K40: 판매 | M40: =_xlfn.XLOOKUP(D40,'03_상품Master'!$A$2:$A$11,'03_상품Master'!$C$2:$C$11,"확인필요") -> 디저트 | N40: =IF(COUNT(F40:H40)<3, "값확인", IF(F40*G40=H40, "정상", "검토필요")) -> 정상 | O40: =_xlfn.TEXTJOIN("|",FALSE,A40:L40) -> 46090|S001|신구점|P008|크루아상|3|3500|10500|간편결제|최지훈|판매| | P40: =IF(COUNTIF(O40:O329,O40)>1,"중복", "") | Q40: =IFERROR(IF(ISNUMBER(A40), A40,DATEVALUE(SUBSTITUTE(A40,".","-")))," 확인필요") -> 46090
A41: 46163 | B41: S001 | C41: 신구점 | D41: P002 | E41: 카페라떼 | F41: 1 | G41: 4000 | H41: 4000 | I41: 간편결제 | J41: 이서준 | K41: 판매 | M41: =_xlfn.XLOOKUP(D41,'03_상품Master'!$A$2:$A$11,'03_상품Master'!$C$2:$C$11,"확인필요") -> 커피 | N41: =IF(COUNT(F41:H41)<3, "값확인", IF(F41*G41=H41, "정상", "검토필요")) -> 정상 | O41: =_xlfn.TEXTJOIN("|",FALSE,A41:L41) -> 46163|S001|신구점|P002|카페라떼|1|4000|4000|간편결제|이서준|판매| | P41: =IF(COUNTIF(O41:O330,O41)>1,"중복", "") | Q41: =IFERROR(IF(ISNUMBER(A41), A41,DATEVALUE(SUBSTITUTE(A41,".","-")))," 확인필요") -> 46163
A42: 46144 | B42: S003 | C42: 용인점 | D42: P005 | E42: 녹차라떼 | F42: 1 | G42: 4500 | H42: 4500 | I42: 간편결제 | J42: 이서준 | K42: 판매 | M42: =_xlfn.XLOOKUP(D42,'03_상품Master'!$A$2:$A$11,'03_상품Master'!$C$2:$C$11,"확인필요") -> 논커피 | N42: =IF(COUNT(F42:H42)<3, "값확인", IF(F42*G42=H42, "정상", "검토필요")) -> 정상 | O42: =_xlfn.TEXTJOIN("|",FALSE,A42:L42) -> 46144|S003|용인점|P005|녹차라떼|1|4500|4500|간편결제|이서준|판매| | P42: =IF(COUNTIF(O42:O331,O42)>1,"중복", "") | Q42: =IFERROR(IF(ISNUMBER(A42), A42,DATEVALUE(SUBSTITUTE(A42,".","-")))," 확인필요") -> 46144
A43: 46111 | B43: S001 | C43: 신구점 | D43: P006 | E43: 초코라떼 | F43: 4 | G43: 4500 | H43: 18000 | I43: 간편결제 | J43: 최지훈 | K43: 판매 | M43: =_xlfn.XLOOKUP(D43,'03_상품Master'!$A$2:$A$11,'03_상품Master'!$C$2:$C$11,"확인필요") -> 논커피 | N43: =IF(COUNT(F43:H43)<3, "값확인", IF(F43*G43=H43, "정상", "검토필요")) -> 정상 | O43: =_xlfn.TEXTJOIN("|",FALSE,A43:L43) -> 46111|S001|신구점|P006|초코라떼|4|4500|18000|간편결제|최지훈|판매| | P43: =IF(COUNTIF(O43:O332,O43)>1,"중복", "") | Q43: =IFERROR(IF(ISNUMBER(A43), A43,DATEVALUE(SUBSTITUTE(A43,".","-")))," 확인필요") -> 46111
A44: 46134 | B44: S003 | C44: 용인점 | D44: P005 | E44: 녹차라떼 | F44: 2 | G44: 4500 | H44: 9000 | I44: 현금 | J44: 정다은 | K44: 판매 | M44: =_xlfn.XLOOKUP(D44,'03_상품Master'!$A$2:$A$11,'03_상품Master'!$C$2:$C$11,"확인필요") -> 논커피 | N44: =IF(COUNT(F44:H44)<3, "값확인", IF(F44*G44=H44, "정상", "검토필요")) -> 정상 | O44: =_xlfn.TEXTJOIN("|",FALSE,A44:L44) -> 46134|S003|용인점|P005|녹차라떼|2|4500|9000|현금|정다은|판매| | P44: =IF(COUNTIF(O44:O333,O44)>1,"중복", "") | Q44: =IFERROR(IF(ISNUMBER(A44), A44,DATEVALUE(SUBSTITUTE(A44,".","-")))," 확인필요") -> 46134
A45: 46124 | B45: S001 | C45: 신구점 | D45: P001 | E45: 아메리카노 | F45: 4 | G45: 3000 | H45: 12000 | I45: 간편결제 | J45: 정다은 | K45: 판매 | M45: =_xlfn.XLOOKUP(D45,'03_상품Master'!$A$2:$A$11,'03_상품Master'!$C$2:$C$11,"확인필요") -> 커피 | N45: =IF(COUNT(F45:H45)<3, "값확인", IF(F45*G45=H45, "정상", "검토필요")) -> 정상 | O45: =_xlfn.TEXTJOIN("|",FALSE,A45:L45) -> 46124|S001|신구점|P001|아메리카노|4|3000|12000|간편결제|정다은|판매| | P45: =IF(COUNTIF(O45:O334,O45)>1,"중복", "") | Q45: =IFERROR(IF(ISNUMBER(A45), A45,DATEVALUE(SUBSTITUTE(A45,".","-")))," 확인필요") -> 46124
A46: 46150 | B46: S002 | C46: 성남점 | D46: P005 | E46: 녹차라떼 | F46: 3 | G46: 4500 | H46: 13500 | I46: 간편결제 | J46: 이서준 | K46: 판매 | M46: =_xlfn.XLOOKUP(D46,'03_상품Master'!$A$2:$A$11,'03_상품Master'!$C$2:$C$11,"확인필요") -> 논커피 | N46: =IF(COUNT(F46:H46)<3, "값확인", IF(F46*G46=H46, "정상", "검토필요")) -> 정상 | O46: =_xlfn.TEXTJOIN("|",FALSE,A46:L46) -> 46150|S002|성남점|P005|녹차라떼|3|4500|13500|간편결제|이서준|판매| | P46: =IF(COUNTIF(O46:O335,O46)>1,"중복", "") | Q46: =IFERROR(IF(ISNUMBER(A46), A46,DATEVALUE(SUBSTITUTE(A46,".","-")))," 확인필요") -> 46150
A47: 46120 | B47: S002 | C47: 성남점 | D47: P008 | E47: 크루아상 | F47: 1 | G47: 3500 | H47: 3500 | I47: 간편결제 | J47: 최지훈 | K47: 판매 | M47: =_xlfn.XLOOKUP(D47,'03_상품Master'!$A$2:$A$11,'03_상품Master'!$C$2:$C$11,"확인필요") -> 디저트 | N47: =IF(COUNT(F47:H47)<3, "값확인", IF(F47*G47=H47, "정상", "검토필요")) -> 정상 | O47: =_xlfn.TEXTJOIN("|",FALSE,A47:L47) -> 46120|S002|성남점|P008|크루아상|1|3500|3500|간편결제|최지훈|판매| | P47: =IF(COUNTIF(O47:O336,O47)>1,"중복", "") | Q47: =IFERROR(IF(ISNUMBER(A47), A47,DATEVALUE(SUBSTITUTE(A47,".","-")))," 확인필요") -> 46120
A48: 46164 | B48: S002 | C48: 성남점 | D48: P002 | E48: 카페라떼 | F48: 1 | G48: 4000 | H48: 4000 | I48: 간편결제 | J48: 이서준 | K48: 취소 | M48: =_xlfn.XLOOKUP(D48,'03_상품Master'!$A$2:$A$11,'03_상품Master'!$C$2:$C$11,"확인필요") -> 커피 | N48: =IF(COUNT(F48:H48)<3, "값확인", IF(F48*G48=H48, "정상", "검토필요")) -> 정상 | O48: =_xlfn.TEXTJOIN("|",FALSE,A48:L48) -> 46164|S002|성남점|P002|카페라떼|1|4000|4000|간편결제|이서준|취소| | P48: =IF(COUNTIF(O48:O337,O48)>1,"중복", "") | Q48: =IFERROR(IF(ISNUMBER(A48), A48,DATEVALUE(SUBSTITUTE(A48,".","-")))," 확인필요") -> 46164
... A113: 46166 | B113: S001 | C113: 신구점 | D113: P001 | E113: 아메리카노 | F113: 3 | G113: 3000 | H113: 9000 | I113: 현금 | J113: 이서준 | K113: 판매 | M113: =_xlfn.XLOOKUP(D113,'03_상품Master'!$A$2:$A$11,'03_상품Master'!$C$2:$C$11,"확인필요") -> 커피 | N113: =IF(COUNT(F113:H113)<3, "값확인", IF(F113*G113=H113, "정상", "검토필요")) -> 정상 | O113: =_xlfn.TEXTJOIN("|",FALSE,A113:L113) -> 46166|S001|신구점|P001|아메리카노|3|3000|9000|현금|이서준|판매| | P113: =IF(COUNTIF(O113:O402,O113)>1,"중복", "") | Q113: =IFERROR(IF(ISNUMBER(A113), A113,DATEVALUE(SUBSTITUTE(A113,".","-")))," 확인필요") -> 46166
A114: 46162 | B114: S002 | C114: 성남점 | D114: P004 | E114: 카라멜마끼아또 | F114: 3 | G114: 4800 | H114: 14400 | I114: 현금 | J114: 최지훈 | K114: 판매 | M114: =_xlfn.XLOOKUP(D114,'03_상품Master'!$A$2:$A$11,'03_상품Master'!$C$2:$C$11,"확인필요") -> 커피 | N114: =IF(COUNT(F114:H114)<3, "값확인", IF(F114*G114=H114, "정상", "검토필요")) -> 정상 | O114: =_xlfn.TEXTJOIN("|",FALSE,A114:L114) -> 46162|S002|성남점|P004|카라멜마끼아또|3|4800|14400|현금|최지훈|판매| | P114: =IF(COUNTIF(O114:O404,O114)>1,"중복", "") | Q114: =IFERROR(IF(ISNUMBER(A114), A114,DATEVALUE(SUBSTITUTE(A114,".","-")))," 확인필요") -> 46162
A115: 46149 | B115: S001 | C115: 신구점 | D115: P001 | E115: 아메리카노 | F115: 2 | G115: 3000 | H115: 6000 | I115: 카드 | J115: 정다은 | K115: 판매 | M115: =_xlfn.XLOOKUP(D115,'03_상품Master'!$A$2:$A$11,'03_상품Master'!$C$2:$C$11,"확인필요") -> 커피 | N115: =IF(COUNT(F115:H115)<3, "값확인", IF(F115*G115=H115, "정상", "검토필요")) -> 정상 | O115: =_xlfn.TEXTJOIN("|",FALSE,A115:L115) -> 46149|S001|신구점|P001|아메리카노|2|3000|6000|카드|정다은|판매| | P115: =IF(COUNTIF(O115:O405,O115)>1,"중복", "") | Q115: =IFERROR(IF(ISNUMBER(A115), A115,DATEVALUE(SUBSTITUTE(A115,".","-")))," 확인필요") -> 46149
A116: 46097 | B116: S001 | C116: 신구점 | D116: P002 | E116: 카페라떼 | F116: 5 | G116: 4000 | H116: 20000 | I116: 현금 | J116: 정다은 | K116: 판매 | M116: =_xlfn.XLOOKUP(D116,'03_상품Master'!$A$2:$A$11,'03_상품Master'!$C$2:$C$11,"확인필요") -> 커피 | N116: =IF(COUNT(F116:H116)<3, "값확인", IF(F116*G116=H116, "정상", "검토필요")) -> 정상 | O116: =_xlfn.TEXTJOIN("|",FALSE,A116:L116) -> 46097|S001|신구점|P002|카페라떼|5|4000|20000|현금|정다은|판매| | P116: =IF(COUNTIF(O116:O406,O116)>1,"중복", "") | Q116: =IFERROR(IF(ISNUMBER(A116), A116,DATEVALUE(SUBSTITUTE(A116,".","-")))," 확인필요") -> 46097
A117: 46099 | B117: S001 | C117: 신구점 | D117: P008 | E117: 크루아상 | F117: 4 | G117: 3500 | H117: 14000 | I117: 간편결제 | J117: 최지훈 | K117: 판매 | M117: =_xlfn.XLOOKUP(D117,'03_상품Master'!$A$2:$A$11,'03_상품Master'!$C$2:$C$11,"확인필요") -> 디저트 | N117: =IF(COUNT(F117:H117)<3, "값확인", IF(F117*G117=H117, "정상", "검토필요")) -> 정상 | O117: =_xlfn.TEXTJOIN("|",FALSE,A117:L117) -> 46099|S001|신구점|P008|크루아상|4|3500|14000|간편결제|최지훈|판매| | P117: =IF(COUNTIF(O117:O407,O117)>1,"중복", "") | Q117: =IFERROR(IF(ISNUMBER(A117), A117,DATEVALUE(SUBSTITUTE(A117,".","-")))," 확인필요") -> 46099
A118: 46145 | B118: S001 | C118: 신구점 | D118: P006 | E118: 초코라떼 | F118: 2 | G118: 4500 | H118: 9000 | I118: 카드 | J118: 이서준 | K118: 판매 | M118: =_xlfn.XLOOKUP(D118,'03_상품Master'!$A$2:$A$11,'03_상품Master'!$C$2:$C$11,"확인필요") -> 논커피 | N118: =IF(COUNT(F118:H118)<3, "값확인", IF(F118*G118=H118, "정상", "검토필요")) -> 정상 | O118: =_xlfn.TEXTJOIN("|",FALSE,A118:L118) -> 46145|S001|신구점|P006|초코라떼|2|4500|9000|카드|이서준|판매| | P118: =IF(COUNTIF(O118:O408,O118)>1,"중복", "") | Q118: =IFERROR(IF(ISNUMBER(A118), A118,DATEVALUE(SUBSTITUTE(A118,".","-")))," 확인필요") -> 46145
A119: 46128 | B119: S002 | C119: 성남점 | D119: P004 | E119: 카라멜마끼아또 | F119: 2 | G119: 4800 | H119: 9600 | I119: 간편결제 | J119: 정다은 | K119: 판매 | M119: =_xlfn.XLOOKUP(D119,'03_상품Master'!$A$2:$A$11,'03_상품Master'!$C$2:$C$11,"확인필요") -> 커피 | N119: =IF(COUNT(F119:H119)<3, "값확인", IF(F119*G119=H119, "정상", "검토필요")) -> 정상 | O119: =_xlfn.TEXTJOIN("|",FALSE,A119:L119) -> 46128|S002|성남점|P004|카라멜마끼아또|2|4800|9600|간편결제|정다은|판매| | P119: =IF(COUNTIF(O119:O409,O119)>1,"중복", "") | Q119: =IFERROR(IF(ISNUMBER(A119), A119,DATEVALUE(SUBSTITUTE(A119,".","-")))," 확인필요") -> 46128
A120: 46147 | B120: S003 | C120: 용인점 | D120: P002 | E120: 카페라떼 | F120: 3 | G120: 4000 | H120: 12000 | I120: 현금 | J120: 김민지 | K120: 판매 | M120: =_xlfn.XLOOKUP(D120,'03_상품Master'!$A$2:$A$11,'03_상품Master'!$C$2:$C$11,"확인필요") -> 커피 | N120: =IF(COUNT(F120:H120)<3, "값확인", IF(F120*G120=H120, "정상", "검토필요")) -> 정상 | O120: =_xlfn.TEXTJOIN("|",FALSE,A120:L120) -> 46147|S003|용인점|P002|카페라떼|3|4000|12000|현금|김민지|판매| | P120: =IF(COUNTIF(O120:O410,O120)>1,"중복", "") | Q120: =IFERROR(IF(ISNUMBER(A120), A120,DATEVALUE(SUBSTITUTE(A120,".","-")))," 확인필요") -> 46147
A121: 46158 | B121: S001 | C121: 신구점 | D121: P002 | E121: 카페라떼 | F121: 3 | G121: 4500 | H121: 13500 | I121: 카드 | J121: 이서준 | K121: 판매 | M121: =_xlfn.XLOOKUP(D121,'03_상품Master'!$A$2:$A$11,'03_상품Master'!$C$2:$C$11,"확인필요") -> 커피 | N121: =IF(COUNT(F121:H121)<3, "값확인", IF(F121*G121=H121, "정상", "검토필요")) -> 정상 | O121: =_xlfn.TEXTJOIN("|",FALSE,A121:L121) -> 46158|S001|신구점|P002|카페라떼|3|4500|13500|카드|이서준|판매| | P121: =IF(COUNTIF(O121:O411,O121)>1,"중복", "") | Q121: =IFERROR(IF(ISNUMBER(A121), A121,DATEVALUE(SUBSTITUTE(A121,".","-")))," 확인필요") -> 46158
A122: 46161 | B122: S001 | C122: 신구점 | D122: P002 | E122: 카페라떼 | F122: 3 | G122: 4000 | H122: 12000 | I122: 간편결제 | J122: 이서준 | K122: 판매 | M122: =_xlfn.XLOOKUP(D122,'03_상품Master'!$A$2:$A$11,'03_상품Master'!$C$2:$C$11,"확인필요") -> 커피 | N122: =IF(COUNT(F122:H122)<3, "값확인", IF(F122*G122=H122, "정상", "검토필요")) -> 정상 | O122: =_xlfn.TEXTJOIN("|",FALSE,A122:L122) -> 46161|S001|신구점|P002|카페라떼|3|4000|12000|간편결제|이서준|판매| | P122: =IF(COUNTIF(O122:O412,O122)>1,"중복", "") | Q122: =IFERROR(IF(ISNUMBER(A122), A122,DATEVALUE(SUBSTITUTE(A122,".","-")))," 확인필요") -> 46161
A123: 46093 | B123: S002 | C123: 성남점 | D123: P002 | E123: 카페라떼 | F123: 2 | G123: 4000 | H123: 8000 | I123: 간편결제 | J123: 정다은 | K123: 판매 | M123: =_xlfn.XLOOKUP(D123,'03_상품Master'!$A$2:$A$11,'03_상품Master'!$C$2:$C$11,"확인필요") -> 커피 | N123: =IF(COUNT(F123:H123)<3, "값확인", IF(F123*G123=H123, "정상", "검토필요")) -> 정상 | O123: =_xlfn.TEXTJOIN("|",FALSE,A123:L123) -> 46093|S002|성남점|P002|카페라떼|2|4000|8000|간편결제|정다은|판매| | P123: =IF(COUNTIF(O123:O413,O123)>1,"중복", "") | Q123: =IFERROR(IF(ISNUMBER(A123), A123,DATEVALUE(SUBSTITUTE(A123,".","-")))," 확인필요") -> 46093
A124: 46118 | B124: S003 | C124: 용인점 | D124: P002 | E124: 카페라떼 | F124: 2 | G124: 4000 | H124: 8000 | I124: 현금 | J124: 한지우 | K124: 판매 | M124: =_xlfn.XLOOKUP(D124,'03_상품Master'!$A$2:$A$11,'03_상품Master'!$C$2:$C$11,"확인필요") -> 커피 | N124: =IF(COUNT(F124:H124)<3, "값확인", IF(F124*G124=H124, "정상", "검토필요")) -> 정상 | O124: =_xlfn.TEXTJOIN("|",FALSE,A124:L124) -> 46118|S003|용인점|P002|카페라떼|2|4000|8000|현금|한지우|판매| | P124: =IF(COUNTIF(O124:O414,O124)>1,"중복", "") | Q124: =IFERROR(IF(ISNUMBER(A124), A124,DATEVALUE(SUBSTITUTE(A124,".","-")))," 확인필요") -> 46118
A125: 46091 | B125: S002 | C125: 성남점 | D125: P003 | E125: 바닐라라떼 | F125: 1 | G125: 4500 | H125: 4500 | I125: 카드 | J125: 한지우 | K125: 판매 | M125: =_xlfn.XLOOKUP(D125,'03_상품Master'!$A$2:$A$11,'03_상품Master'!$C$2:$C$11,"확인필요") -> 커피 | N125: =IF(COUNT(F125:H125)<3, "값확인", IF(F125*G125=H125, "정상", "검토필요")) -> 정상 | O125: =_xlfn.TEXTJOIN("|",FALSE,A125:L125) -> 46091|S002|성남점|P003|바닐라라떼|1|4500|4500|카드|한지우|판매| | P125: =IF(COUNTIF(O125:O415,O125)>1,"중복", "") | Q125: =IFERROR(IF(ISNUMBER(A125), A125,DATEVALUE(SUBSTITUTE(A125,".","-")))," 확인필요") -> 46091
... A216: 46120 | B216: S002 | C216: 성남점 | D216: P005 | E216: 녹차라떼 | F216: 1 | G216: 4500 | H216: 4500 | I216: 간편결제 | J216: 김민지 | K216: 판매 | M216: =_xlfn.XLOOKUP(D216,'03_상품Master'!$A$2:$A$11,'03_상품Master'!$C$2:$C$11,"확인필요") -> 논커피 | N216: =IF(COUNT(F216:H216)<3, "값확인", IF(F216*G216=H216, "정상", "검토필요")) -> 정상 | O216: =_xlfn.TEXTJOIN("|",FALSE,A216:L216) -> 46120|S002|성남점|P005|녹차라떼|1|4500|4500|간편결제|김민지|판매| | P216: =IF(COUNTIF(O216:O506,O216)>1,"중복", "") | Q216: =IFERROR(IF(ISNUMBER(A216), A216,DATEVALUE(SUBSTITUTE(A216,".","-")))," 확인필요") -> 46120
A217: 46157 | B217: S001 | C217: 신구점 | D217: P001 | E217: 아메리카노 | F217: 2 | G217: 3000 | H217: 6000 | I217: 카드 | J217: 박서연 | K217: 판매 | M217: =_xlfn.XLOOKUP(D217,'03_상품Master'!$A$2:$A$11,'03_상품Master'!$C$2:$C$11,"확인필요") -> 커피 | N217: =IF(COUNT(F217:H217)<3, "값확인", IF(F217*G217=H217, "정상", "검토필요")) -> 정상 | O217: =_xlfn.TEXTJOIN("|",FALSE,A217:L217) -> 46157|S001|신구점|P001|아메리카노|2|3000|6000|카드|박서연|판매| | P217: =IF(COUNTIF(O217:O508,O217)>1,"중복", "") | Q217: =IFERROR(IF(ISNUMBER(A217), A217,DATEVALUE(SUBSTITUTE(A217,".","-")))," 확인필요") -> 46157
A218: 46088 | B218: S003 | C218: 용인점 | D218: P001 | E218: 아메리카노 | F218: 2 | G218: 3000 | H218: 6000 | I218: 간편결제 | J218: 정다은 | K218: 판매 | M218: =_xlfn.XLOOKUP(D218,'03_상품Master'!$A$2:$A$11,'03_상품Master'!$C$2:$C$11,"확인필요") -> 커피 | N218: =IF(COUNT(F218:H218)<3, "값확인", IF(F218*G218=H218, "정상", "검토필요")) -> 정상 | O218: =_xlfn.TEXTJOIN("|",FALSE,A218:L218) -> 46088|S003|용인점|P001|아메리카노|2|3000|6000|간편결제|정다은|판매| | P218: =IF(COUNTIF(O218:O509,O218)>1,"중복", "") | Q218: =IFERROR(IF(ISNUMBER(A218), A218,DATEVALUE(SUBSTITUTE(A218,".","-")))," 확인필요") -> 46088
A219: 46131 | B219: S002 | C219: 성남점 | D219: P001 | E219: 아메리카노 | F219: 4 | G219: 3000 | H219: 12000 | I219: 카드 | J219: 박서연 | K219: 판매 | M219: =_xlfn.XLOOKUP(D219,'03_상품Master'!$A$2:$A$11,'03_상품Master'!$C$2:$C$11,"확인필요") -> 커피 | N219: =IF(COUNT(F219:H219)<3, "값확인", IF(F219*G219=H219, "정상", "검토필요")) -> 정상 | O219: =_xlfn.TEXTJOIN("|",FALSE,A219:L219) -> 46131|S002|성남점|P001|아메리카노|4|3000|12000|카드|박서연|판매| | P219: =IF(COUNTIF(O219:O510,O219)>1,"중복", "") | Q219: =IFERROR(IF(ISNUMBER(A219), A219,DATEVALUE(SUBSTITUTE(A219,".","-")))," 확인필요") -> 46131
A220: 46156 | B220: S001 | C220: 신구점 | D220: P004 | E220: 카라멜마끼아또 | F220: 1 | G220: 4800 | H220: 4800 | I220: 간편결제 | J220: 박서연 | K220: 판매 | M220: =_xlfn.XLOOKUP(D220,'03_상품Master'!$A$2:$A$11,'03_상품Master'!$C$2:$C$11,"확인필요") -> 커피 | N220: =IF(COUNT(F220:H220)<3, "값확인", IF(F220*G220=H220, "정상", "검토필요")) -> 정상 | O220: =_xlfn.TEXTJOIN("|",FALSE,A220:L220) -> 46156|S001|신구점|P004|카라멜마끼아또|1|4800|4800|간편결제|박서연|판매| | P220: =IF(COUNTIF(O220:O511,O220)>1,"중복", "") | Q220: =IFERROR(IF(ISNUMBER(A220), A220,DATEVALUE(SUBSTITUTE(A220,".","-")))," 확인필요") -> 46156
A221: 46086 | B221: S001 | C221: 신구점 | D221: P007 | E221: 치즈케이크 | F221: 1 | G221: 5000 | H221: 5000 | I221: 간편결제 | J221: 최지훈 | K221: 판매 | M221: =_xlfn.XLOOKUP(D221,'03_상품Master'!$A$2:$A$11,'03_상품Master'!$C$2:$C$11,"확인필요") -> 디저트 | N221: =IF(COUNT(F221:H221)<3, "값확인", IF(F221*G221=H221, "정상", "검토필요")) -> 정상 | O221: =_xlfn.TEXTJOIN("|",FALSE,A221:L221) -> 46086|S001|신구점|P007|치즈케이크|1|5000|5000|간편결제|최지훈|판매| | P221: =IF(COUNTIF(O221:O512,O221)>1,"중복", "") | Q221: =IFERROR(IF(ISNUMBER(A221), A221,DATEVALUE(SUBSTITUTE(A221,".","-")))," 확인필요") -> 46086
A222: 46121 | B222: S002 | C222: 성남점 | D222: P010 | E222: 베이글 | F222: 1 | G222: 4000 | H222: 4000 | I222: 간편결제 | J222: 박서연 | K222: 판매 | M222: =_xlfn.XLOOKUP(D222,'03_상품Master'!$A$2:$A$11,'03_상품Master'!$C$2:$C$11,"확인필요") -> 푸드 | N222: =IF(COUNT(F222:H222)<3, "값확인", IF(F222*G222=H222, "정상", "검토필요")) -> 정상 | O222: =_xlfn.TEXTJOIN("|",FALSE,A222:L222) -> 46121|S002|성남점|P010|베이글|1|4000|4000|간편결제|박서연|판매| | P222: =IF(COUNTIF(O222:O513,O222)>1,"중복", "") | Q222: =IFERROR(IF(ISNUMBER(A222), A222,DATEVALUE(SUBSTITUTE(A222,".","-")))," 확인필요") -> 46121
A223: 46152 | B223: S002 | C223: 성남점 | D223: P008 | E223: 크루아상 | F223: 3 | G223: 3500 | H223: 10500 | I223: 현금 | J223: 최지훈 | K223: 판매 | M223: =_xlfn.XLOOKUP(D223,'03_상품Master'!$A$2:$A$11,'03_상품Master'!$C$2:$C$11,"확인필요") -> 디저트 | N223: =IF(COUNT(F223:H223)<3, "값확인", IF(F223*G223=H223, "정상", "검토필요")) -> 정상 | O223: =_xlfn.TEXTJOIN("|",FALSE,A223:L223) -> 46152|S002|성남점|P008|크루아상|3|3500|10500|현금|최지훈|판매| | P223: =IF(COUNTIF(O223:O514,O223)>1,"중복", "") | Q223: =IFERROR(IF(ISNUMBER(A223), A223,DATEVALUE(SUBSTITUTE(A223,".","-")))," 확인필요") -> 46152
A224: 46130 | B224: S001 | C224: 신구점 | D224: P003 | E224: 바닐라라떼 | F224: 3 | G224: 4500 | H224: 13500 | I224: 현금 | J224: 김민지 | K224: 판매 | M224: =_xlfn.XLOOKUP(D224,'03_상품Master'!$A$2:$A$11,'03_상품Master'!$C$2:$C$11,"확인필요") -> 커피 | N224: =IF(COUNT(F224:H224)<3, "값확인", IF(F224*G224=H224, "정상", "검토필요")) -> 정상 | O224: =_xlfn.TEXTJOIN("|",FALSE,A224:L224) -> 46130|S001|신구점|P003|바닐라라떼|3|4500|13500|현금|김민지|판매| | P224: =IF(COUNTIF(O224:O515,O224)>1,"중복", "") | Q224: =IFERROR(IF(ISNUMBER(A224), A224,DATEVALUE(SUBSTITUTE(A224,".","-")))," 확인필요") -> 46130
A225: 46162 | B225: S003 | C225: 용인점 | D225: P009 | E225: 샌드위치 | F225: 2 | G225: 5500 | H225: 11000 | I225: 카드 | J225: 김민지 | K225: 판매 | M225: =_xlfn.XLOOKUP(D225,'03_상품Master'!$A$2:$A$11,'03_상품Master'!$C$2:$C$11,"확인필요") -> 푸드 | N225: =IF(COUNT(F225:H225)<3, "값확인", IF(F225*G225=H225, "정상", "검토필요")) -> 정상 | O225: =_xlfn.TEXTJOIN("|",FALSE,A225:L225) -> 46162|S003|용인점|P009|샌드위치|2|5500|11000|카드|김민지|판매| | P225: =IF(COUNTIF(O225:O516,O225)>1,"중복", "") | Q225: =IFERROR(IF(ISNUMBER(A225), A225,DATEVALUE(SUBSTITUTE(A225,".","-")))," 확인필요") -> 46162
A226: 46163 | B226: S002 | C226: 성남점 | D226: P006 | E226: 초코라떼 | F226: 2 | G226: 4500 | H226: 9000 | I226: 현금 | J226: 김민지 | K226: 판매 | M226: =_xlfn.XLOOKUP(D226,'03_상품Master'!$A$2:$A$11,'03_상품Master'!$C$2:$C$11,"확인필요") -> 논커피 | N226: =IF(COUNT(F226:H226)<3, "값확인", IF(F226*G226=H226, "정상", "검토필요")) -> 정상 | O226: =_xlfn.TEXTJOIN("|",FALSE,A226:L226) -> 46163|S002|성남점|P006|초코라떼|2|4500|9000|현금|김민지|판매| | P226: =IF(COUNTIF(O226:O517,O226)>1,"중복", "") | Q226: =IFERROR(IF(ISNUMBER(A226), A226,DATEVALUE(SUBSTITUTE(A226,".","-")))," 확인필요") -> 46163
A227: 46132 | B227: S001 | C227: 신구점 | D227: P008 | E227: 크루아상 | F227: 1 | G227: 3500 | H227: 3500 | I227: 현금 | J227: 박서연 | K227: 판매 | M227: =_xlfn.XLOOKUP(D227,'03_상품Master'!$A$2:$A$11,'03_상품Master'!$C$2:$C$11,"확인필요") -> 디저트 | N227: =IF(COUNT(F227:H227)<3, "값확인", IF(F227*G227=H227, "정상", "검토필요")) -> 정상 | O227: =_xlfn.TEXTJOIN("|",FALSE,A227:L227) -> 46132|S001|신구점|P008|크루아상|1|3500|3500|현금|박서연|판매| | P227: =IF(COUNTIF(O227:O518,O227)>1,"중복", "") | Q227: =IFERROR(IF(ISNUMBER(A227), A227,DATEVALUE(SUBSTITUTE(A227,".","-")))," 확인필요") -> 46132
A228: 46094 | B228: S001 | C228: 신구점 | D228: P005 | E228: 녹차라떼 | F228: 1 | G228: 4500 | H228: 4500 | I228: 현금 | J228: 한지우 | K228: 판매 | M228: =_xlfn.XLOOKUP(D228,'03_상품Master'!$A$2:$A$11,'03_상품Master'!$C$2:$C$11,"확인필요") -> 논커피 | N228: =IF(COUNT(F228:H228)<3, "값확인", IF(F228*G228=H228, "정상", "검토필요")) -> 정상 | O228: =_xlfn.TEXTJOIN("|",FALSE,A228:L228) -> 46094|S001|신구점|P005|녹차라떼|1|4500|4500|현금|한지우|판매| | P228: =IF(COUNTIF(O228:O519,O228)>1,"중복", "") | Q228: =IFERROR(IF(ISNUMBER(A228), A228,DATEVALUE(SUBSTITUTE(A228,".","-")))," 확인필요") -> 46094
... A290: 46165 | B290: S003 | C290: 용인점 | D290: P006 | E290: 초코라떼 | F290: 3 | G290: 4500 | H290: 13500 | I290: 카드 | J290: 정다은 | K290: 판매 | M290: =_xlfn.XLOOKUP(D290,'03_상품Master'!$A$2:$A$11,'03_상품Master'!$C$2:$C$11,"확인필요") -> 논커피 | N290: =IF(COUNT(F290:H290)<3, "값확인", IF(F290*G290=H290, "정상", "검토필요")) -> 정상 | O290: =_xlfn.TEXTJOIN("|",FALSE,A290:L290) -> 46165|S003|용인점|P006|초코라떼|3|4500|13500|카드|정다은|판매| | P290: =IF(COUNTIF(O290:O581,O290)>1,"중복", "") | Q290: =IFERROR(IF(ISNUMBER(A290), A290,DATEVALUE(SUBSTITUTE(A290,".","-")))," 확인필요") -> 46165

Sheet 06_피벗분석
A1: 주문상태 | B1: 판매
A3: 합계 : 매출액 | B3: 열 레이블
A4: 행 레이블 | B4: 3월 | C4: 4월 | D4: 5월 | E4: 총합계
A5: 성남점 | B5: 204700 | C5: 321600 | D5: 219300 | E5: 745600
A6: 신구점 | B6: 298300 | C6: 372200 | D6: 359200 | E6: 1029700
A7: 용인점 | B7: 246500 | C7: 167500 | D7: 176500 | E7: 590500
A8: 총합계 | B8: 749500 | C8: 861300 | D8: 755000 | E8: 2365800

Sheet 07_대시보드
A1: 학생 작업용

Sheet 08_AI보고서
B2: 1. 현황: 3~5월 판매 매출은 총 2,365,800원이며, 4월이 861,300원으로 가장 높고 5월은 755,000원으로 감소했습니다.
B3: 2. 인사이트: 누적 매출은 신구점(1,029,700원) > 성남점(745,600원) > 용인점(590,500원) 순이며, 신구점은 매월 가장 높은 매출을 기록했습니다.
B4: 2. 인사이트: 4월→5월에는 성남점 -102,300원, 신구점 -13,000원, 용인점 +9,000원으로 지점별 매출 변화가 다르게 나타났습니다.
B5: 3. 추가 확인사항 / 실행 과제: 추가 확인 필요 — 지점별 매출 변화가 어떤 상품분류와 판매수량·판매건수에서 발생했는지 세부 분석합니다.
B6: 3. 추가 확인사항 / 실행 과제: 특히 4월→5월 성남점의 감소와 용인점의 증가 내역을 상품분류별로 추가 확인합니다.

Sheet 09_함수테스트
A1: 09_함수테스트 — AI가 만든 수식을 작은 데이터로 먼저 검증하기
A2: 학습 원칙: AI에게 수식을 요청 → 10행 내외의 테스트 데이터에서 확인 → 이상 없을 때 실제 300행 데이터에 적용
A4: ① IF 함수 테스트 — 수량 × 판매단가와 매출액 일치 여부 확인
A5: 수량 | B5: 판매단가 | C5: 매출액 | D5: 판정(수식 입력) | E5: 예상 결과 | F5: 검증
A6: 2 | B6: 4000 | C6: 8000 | D6: =IF(A6*B6=C6,"정상","검토") -> 정상 | E6: 정상 | F6: 직접 확인
A7: 3 | B7: 4500 | C7: 13000 | D7: =IF(A7*B7=C7,"정상","검토") -> 검토 | E7: 검토필요 | F7: 직접 확인
A8: 1 | B8: 3000 | C8: 3000 | D8: =IF(A8*B8=C8,"정상","검토") -> 정상 | E8: 정상 | F8: 직접 확인
A9: 4 | B9: 4800 | C9: 19200 | D9: =IF(A9*B9=C9,"정상","검토") -> 정상 | E9: 정상 | F9: 직접 확인
A10: 2 | B10: 3500 | C10: 6000 | D10: =IF(A10*B10=C10,"정상","검토") -> 검토 | E10: 검토필요 | F10: 직접 확인
A11: 5 | B11: 4500 | C11: 22500 | D11: =IF(A11*B11=C11,"정상","검토") -> 정상 | E11: 정상 | F11: 직접 확인
A12: 3 | B12: 5000 | C12: 15000 | D12: =IF(A12*B12=C12,"정상","검토") -> 정상 | E12: 정상 | F12: 직접 확인
A13: 2 | B13: 5500 | C13: 11000 | D13: =IF(A13*B13=C13,"정상","검토") -> 정상 | E13: 정상 | F13: 직접 확인
A14: 4 | B14: 4000 | C14: 15000 | D14: =IF(A14*B14=C14,"정상","검토") -> 검토 | E14: 검토필요 | F14: 직접 확인
A15: 1 | B15: 4500 | C15: 4500 | D15: =IF(A15*B15=C15,"정상","검토") -> 정상 | E15: 정상 | F15: 직접 확인
A18: ② 조회 함수 테스트 — 상품코드로 상품분류 찾기
A19: 상품코드 | B19: 상품분류(수식 입력) | C19: 예상 결과 | D19: 검증 | E19: 확인 포인트
A20: P001 | B20: =_xlfn.XLOOKUP(A20,'03_상품Master'!$A$2:$A$11,'03_상품Master'!$C$2:$C$11,"확인필요") -> 커피 | C20: 커피 | D20: 직접 확인 | E20: 정상 코드
A21: P002 | B21: =_xlfn.XLOOKUP(A21,'03_상품Master'!$A$2:$A$11,'03_상품Master'!$C$2:$C$11,"확인필요") -> 커피 | C21: 커피 | D21: 직접 확인 | E21: 정상 코드
A22: P005 | B22: =_xlfn.XLOOKUP(A22,'03_상품Master'!$A$2:$A$11,'03_상품Master'!$C$2:$C$11,"확인필요") -> 논커피 | C22: 논커피 | D22: 직접 확인 | E22: 정상 코드 | G22: =TRIM("카페 라떼") -> 카페 라떼
A23: P007 | B23: =_xlfn.XLOOKUP(A23,'03_상품Master'!$A$2:$A$11,'03_상품Master'!$C$2:$C$11,"확인필요") -> 디저트 | C23: 디저트 | D23: 직접 확인 | E23: 정상 코드 | G23: =SUBSTITUTE("카페 라떼", " ","") -> 카페라떼
A24: P009 | B24: =_xlfn.XLOOKUP(A24,'03_상품Master'!$A$2:$A$11,'03_상품Master'!$C$2:$C$11,"확인필요") -> 푸드 | C24: 푸드 | D24: 직접 확인 | E24: 정상 코드
A25: P010 | B25: =_xlfn.XLOOKUP(A25,'03_상품Master'!$A$2:$A$11,'03_상품Master'!$C$2:$C$11,"확인필요") -> 푸드 | C25: 푸드 | D25: 직접 확인 | E25: 정상 코드
A26: P013 | B26: =_xlfn.XLOOKUP(A26,'03_상품Master'!$A$2:$A$11,'03_상품Master'!$C$2:$C$11,"확인필요") -> 확인필요 | C26: 확인필요 | D26: 직접 확인 | E26: Master에 없는 코드
A27: P003 | B27: =_xlfn.XLOOKUP(A27,'03_상품Master'!$A$2:$A$11,'03_상품Master'!$C$2:$C$11,"확인필요") -> 커피 | C27: 커피 | D27: 직접 확인 | E27: 정상 코드
A28: P008 | B28: =_xlfn.XLOOKUP(A28,'03_상품Master'!$A$2:$A$11,'03_상품Master'!$C$2:$C$11,"확인필요") -> 디저트 | C28: 디저트 | D28: 직접 확인 | E28: 정상 코드
A29: P011 | B29: =_xlfn.XLOOKUP(A29,'03_상품Master'!$A$2:$A$11,'03_상품Master'!$C$2:$C$11,"확인필요") -> 확인필요 | C29: 확인필요 | D29: 직접 확인 | E29: Master에 없는 코드
A31: ③ SUMIFS 테스트 — 조건을 여러 개 적용해 합계하기 | I31: ▶ 조건 입력 칸을 참조해 SUMIFS 수식을 만드세요 (M열에 입력)
A32: 월 | B32: 지점명 | C32: 주문상태 | D32: 매출액 | I32: 문제 | J32: 월 | K32: 지점명 | L32: 주문상태 | M32: SUMIFS 결과 (수식 입력) | N32: 예상 결과 | O32: 실제 매출 (표를 보고 직접 계산)
A33: 3월 | B33: 신구점 | C33: 판매 | D33: 8000 | I33: Q1. 3월 신구점 판매 매출 | J33: 3월 | K33: 신구점 | L33: 판매 | M33: =SUMIFS($D$33:$D$42,$A$33:$A$42,J33,$B$33:$B$42,K33,$C$33:$C$42,L33) -> 14000 | N33: 14000 | O33: 21000
A34: 3월 | B34: 신구점 | C34: 판매 | D34: 6000 | I34: Q2. 4월 성남점 판매 매출 | J34: 4월 | K34: 성남점 | L34: 판매 | M34: =SUMIFS($D$33:$D$42,$A$33:$A$42,J34,$B$33:$B$42,K34,$C$33:$C$42,L34) -> 9000 | N34: 9000 | O34: 9000
A35: 3월 | B35: 성남점 | C35: 판매 | D35: 5000 | I35: Q3. 5월 용인점 판매 매출 | J35: 5월 | K35: 용인점 | L35: 판매 | M35: =SUMIFS($D$33:$D$42,$A$33:$A$42,J35,$B$33:$B$42,K35,$C$33:$C$42,L35) -> 12000 | N35: 12000 | O35: 17000
A36: 3월 | B36: 신구 점 | C36: 판매 | D36: 7000 | I36: Q4. 신구점 판매 매출 (월 조건 없음) | J36: (조건 없음) | K36: 신구점 | L36: 판매 | M36: =SUMIFS($D$33:$D$42,$A$33:$A$42,J36,$B$33:$B$42,K36,$C$33:$C$42,L36) -> 0 | N36: 14000 | O36: 29000
A37: 4월 | B37: 성남점 | C37: 판매 | D37: 9000
A38: 4월 | B38: 성남점 | C38: 취소 | D38: 3000 | I38: 생각해보기: M열(SUMIFS 결과)과 O열(직접 계산)이 다른 문제는? 수식은 오류 없이 실행됐는데 왜 값이 다를까요?
A39: 4월 | B39: 용인점 | C39: 판매 | D39: 10000
A40: 5월 | B40: 용인점 | C40: 판매 | D40: 12000
A41: 5월 | B41: 용인 점 | C41: 판매 | D41: 5000
A42: 5월 | B42: 신구점 | C42: 판매 | D42: 8,000
A44: ④ 데이터 품질 미니 점검 — 날짜·지점명·숫자 표기 차이까지 찾아보기
A45: 주문일자 | B45: 지점명 | C45: 상품코드 | D45: 수량 | E45: 판매단가 | F45: 매출액 | G45: 학생이 찾은 문제 | H45: 처리/표준화
A46: 2026-03-05 | B46: 신구점 | C46: P001 | D46: 2 | E46: 3000 | F46: 6000
A47: 2026/03/08 | B47: 신구 점 | C47: P002 | D47: 1 | E47: 4000 | F47: 4000
A48: 2026.03.12 | B48: 성남점 | C48: P003 | D48: 2 | E48: 4,500 | F48: 9000
A49: 2026-03-15 | B49: 성남지점 | C49: P004 | D49: 1 | E49: 4800 | F49: 4800
A50: 2026/04/02 | B50: 용인 점 | C50: P005 | D50: 2 | E50: 4500 | F50: 9000
A51: 2026-04-07 | B51: 용인점 | C51: P006 | D51: 1 | E51: 4500 | F51: 9,000
A52: 2026.04.11 | B52: 신구점 | C52: P007 | D52: 2 | E52: 5000 | F52: 10000
A53: 2026-05-03 | B53: 성남점 | C53: P008 | D53: 3 | E53: 3,500 | F53: 10500
A54: 2026/05/09 | B54: 성남 점 | C54: P009 | D54: 1 | E54: 5500 | F54: 5500
A55: 2026-05-14 | B55: 용인점 | C55: P010 | D55: 2 | E55: 4000 | F55: 8000
A57: ※ 확인할 문제 예시: 날짜 형식 통일, 지점명 표기 통일, 숫자/텍스트 혼재, 계산값 오류 여부

Sheet 10_확인필요
A1: 10_확인필요 — 분석에서 제외한 행을 사유와 함께 기록하기 (강사 시연)
A2: 사용법: ① 05 시트 → 색 기준 필터(연한 빨강) ② 보이는 행의 A~L만 선택해 Ctrl+C ③ 이 시트 A5에 붙여넣기 ④ M열에 제외 사유 입력 ⑤ 05 시트로 돌아가 PART 04에서 3행 삭제
A3: 원칙: 분석에서 뺀다 ≠ 버린다. 원본은 「02_매출원본」에 그대로 있고, 이 목록은 담당자 확인용입니다. (M~Q 도우미 열은 복사하지 않습니다)
A4: 주문일자 | B4: 지점코드 | C4: 지점명 | D4: 상품코드 | E4: 상품명 | F4: 수량 | G4: 판매단가 | H4: 매출액 | I4: 결제수단 | J4: 담당자 | K4: 주문상태 | L4: 비고 | M4: 제외 사유 | N4: 담당자 확인 결과
A5: 46104 | B5: S002 | C5: 성남점 | D5: P001 | E5: 아메리카노 | G5: 3000 | H5: 3000 | I5: 카드 | J5: 이서준 | K5: 판매 | M5: 수량 빈칸
A6: 확인필요 | B6: S001 | C6: 신구점 | D6: P001 | E6: 아메리카노 | F6: 1 | G6: 3000 | H6: 3000 | I6: 현금 | J6: 이서준 | K6: 판매 | M6: 주문일자 빈칸
A7: 46165 | B7: S002 | C7: 성남점 | D7: P003 | E7: 바닐라라떼 | F7: 2 | G7: 4500 | H7: 9000 | I7: 간편결제 | J7: 최지훈 | M7: 주문상태 빈칸
A11: 확인 포인트
A12: • 붙여넣으면 3행이 들어와야 합니다 — 원본 8행(수량 빈칸), 118행(주문일자 빈칸), 224행(주문상태 빈칸)
A13: • 05 시트 기준으로는 8행, 115행, 219행입니다 (불필요한 행·중복 삭제로 행 번호가 바뀜)
A14: • N열 「담당자 확인 결과」는 비워 두고, 실무에서는 담당자 답변을 받아 기록합니다
